"DBPedia_5371","Forbes_1035","0.19629962879409213"
"DBPedia_1603","Forbes_1018","0.2624558628651444"
"DBPedia_10385","Forbes_942","0.9996716902219418"
"DBPedia_5108","Forbes_1441","0.5636878538952605"
"DBPedia_7494","Forbes_1741","1.0"
"DBPedia_3329","Forbes_169","0.31665632825583445"
"DBPedia_7499","Forbes_1027","0.963199002068139"
"DBPedia_9692","Forbes_1142","0.998338073872335"
"DBPedia_4123","Forbes_1228","0.974354293629165"
"DBPedia_568","Forbes_528","0.5775519880300448"
"DBPedia_9038","Forbes_392","0.9995215681290599"
"DBPedia_6564","Forbes_1102","0.9844248692607893"
"DBPedia_2098","Forbes_256","0.9991208175908616"
"DBPedia_4396","Forbes_492","0.23445454998127901"
"DBPedia_8536","Forbes_572","0.9992458157616354"
"DBPedia_5753","Forbes_274","0.9694528405305084"
"DBPedia_999","Forbes_1073","0.9940596003669768"
"DBPedia_5167","Forbes_366","0.4374573592944214"
"DBPedia_5570","Forbes_313","0.23277623000724063"
"DBPedia_24","Forbes_273","0.7205790530961631"
"DBPedia_3311","Forbes_273","0.15046591901193648"
"DBPedia_2922","Forbes_1235","0.23202782153729146"
"DBPedia_4507","Forbes_936","0.15106443573149178"
"DBPedia_6392","Forbes_1924","0.12343534834798411"
"DBPedia_7397","Forbes_1708","0.11092882394817369"
"DBPedia_5239","Forbes_447","0.149880139557065"
"DBPedia_4780","Forbes_413","0.8990746389713514"
"DBPedia_2276","Forbes_169","0.1612085569558806"
"DBPedia_2943","Forbes_691","0.16082776696125564"
"DBPedia_566","Forbes_528","0.10218857255885791"
"DBPedia_4019","Forbes_627","0.9902122373821993"
"DBPedia_10108","Forbes_1161","0.1423979203561153"
"DBPedia_5397","Forbes_1023","0.9995319669509581"
"DBPedia_3348","Forbes_1440","0.9999897385501639"
"DBPedia_9838","Forbes_1196","0.9988237044195677"
"DBPedia_2801","Forbes_1668","0.17328166425600874"
"DBPedia_3455","Forbes_32","0.10400746050824747"
"DBPedia_8953","Forbes_1235","0.12388668266132852"
"DBPedia_1581","Forbes_377","0.14111559179603683"
"DBPedia_7737","Forbes_1055","0.8451578361336035"
"DBPedia_7883","Forbes_126","0.9990698240564676"
"DBPedia_4184","Forbes_1356","0.9969672135110516"
"DBPedia_6391","Forbes_570","0.12914507883472096"
"DBPedia_2806","Forbes_1001","0.5512416187999731"
"DBPedia_4337","Forbes_1428","0.5512416187999731"
"DBPedia_6144","Forbes_146","0.49023934246012013"
"DBPedia_8380","Forbes_927","0.9748682655859116"
"DBPedia_6121","Forbes_510","0.9996387497743886"
"DBPedia_9579","Forbes_1502","0.13235066509458926"
"DBPedia_5210","Forbes_1862","0.9866839780122297"
"DBPedia_1682","Forbes_316","0.9949353781516832"
"DBPedia_5556","Forbes_144","0.999172295137787"
"DBPedia_4461","Forbes_1625","0.10867883386895526"
"DBPedia_9400","Forbes_1288","0.17701585545412207"
"DBPedia_4630","Forbes_284","0.12235456215723767"
"DBPedia_10260","Forbes_292","0.7040498924108123"
"DBPedia_642","Forbes_15","0.9906359572414282"
"DBPedia_8344","Forbes_926","0.12439124408927972"
"DBPedia_6683","Forbes_1205","0.9940686726690351"
"DBPedia_3574","Forbes_628","0.9999999990577995"
"DBPedia_2981","Forbes_1313","0.9909357716339824"
"DBPedia_5587","Forbes_848","0.2005809477160942"
"DBPedia_10451","Forbes_748","0.9622072316760537"
"DBPedia_2996","Forbes_197","0.1226228029425772"
"DBPedia_9840","Forbes_667","0.9624441063151693"
"DBPedia_2675","Forbes_1337","0.9622072316760537"
"DBPedia_8719","Forbes_1051","0.4966085231487106"
"DBPedia_226","Forbes_111","0.9991916142887638"
"DBPedia_8138","Forbes_1372","0.8947603929200344"
"DBPedia_7902","Forbes_593","0.20050674724068235"
"DBPedia_4559","Forbes_1510","0.24617522820992274"
"DBPedia_950","Forbes_209","0.9994370387125696"
"DBPedia_1709","Forbes_1051","0.9263979791823884"
"DBPedia_5051","Forbes_1944","0.7541917297176813"
"DBPedia_1348","Forbes_1033","0.24955868993631544"
"DBPedia_9327","Forbes_569","0.2857176920316204"
"DBPedia_860","Forbes_723","0.1110454014409983"
"DBPedia_648","Forbes_482","0.9622072316760537"
"DBPedia_247","Forbes_722","0.9946824528630128"
"DBPedia_3714","Forbes_83","0.9873073263553637"
"DBPedia_2341","Forbes_431","0.9947119036708915"
"DBPedia_2048","Forbes_793","0.9622072316760537"
"DBPedia_9672","Forbes_987","0.9980026510664392"
"DBPedia_6742","Forbes_341","0.9996975314721736"
"DBPedia_7669","Forbes_1329","0.19744028485283616"
"DBPedia_5206","Forbes_294","0.9964997433995542"
"DBPedia_4387","Forbes_1023","0.20031541021932908"
"DBPedia_10369","Forbes_1940","0.9342090090395267"
"DBPedia_7137","Forbes_1692","0.9522285035576747"
"DBPedia_5209","Forbes_496","0.21864075465001906"
"DBPedia_1369","Forbes_1685","0.970006811897339"
"DBPedia_5984","Forbes_1117","0.10453514711056963"
"DBPedia_506","Forbes_1209","0.23311220676074237"
"DBPedia_7917","Forbes_1557","0.42823460556796095"
"DBPedia_6241","Forbes_442","0.999678807907519"
"DBPedia_7392","Forbes_980","0.999719707231455"
"DBPedia_5555","Forbes_169","0.9992950294394174"
"DBPedia_9019","Forbes_308","0.10243694004525171"
"DBPedia_6933","Forbes_1980","0.4985993583204085"
"DBPedia_5984","Forbes_383","0.16411668065398155"
"DBPedia_9713","Forbes_1052","0.99120547201945"
"DBPedia_10331","Forbes_718","0.9987491847963426"
"DBPedia_5374","Forbes_1269","0.9994332200974296"
"DBPedia_3930","Forbes_1707","0.9682463780149448"
"DBPedia_6384","Forbes_1395","0.1889267602582351"
"DBPedia_806","Forbes_597","0.9975702153809689"
"DBPedia_2270","Forbes_114","0.3029909148955449"
"DBPedia_8177","Forbes_1577","0.9918413400663387"
"DBPedia_1086","Forbes_828","0.10243694004525171"
"DBPedia_17","Forbes_509","0.9994817930431543"
"DBPedia_2699","Forbes_1497","0.995671384222149"
"DBPedia_8874","Forbes_1824","0.10581704777584053"
"DBPedia_5419","Forbes_1476","0.5317675130113547"
"DBPedia_443","Forbes_1145","0.9999999999999585"
"DBPedia_9310","Forbes_505","0.1733013523469725"
"DBPedia_1161","Forbes_1821","0.19371608908603108"
"DBPedia_6503","Forbes_1317","0.7939027036132675"
"DBPedia_3936","Forbes_305","0.10759239088061137"
"DBPedia_4038","Forbes_406","0.13643101735864957"
"DBPedia_4009","Forbes_435","0.9932625447055189"
"DBPedia_1739","Forbes_64","0.12069180118053988"
"DBPedia_10331","Forbes_1435","0.3061797437446017"
"DBPedia_8534","Forbes_1802","0.903766788187988"
"DBPedia_3740","Forbes_1916","0.28238439547993227"
"DBPedia_2704","Forbes_1296","0.11507547194327022"
"DBPedia_8879","Forbes_415","0.10460341091097927"
"DBPedia_8633","Forbes_168","0.9939616468012327"
"DBPedia_2863","Forbes_1074","0.2687307646839264"
"DBPedia_3769","Forbes_1860","0.7217448469372817"
"DBPedia_9235","Forbes_706","0.9995450471965203"
"DBPedia_7755","Forbes_228","0.9996165157621786"
"DBPedia_2394","Forbes_322","0.9676911495042043"
"DBPedia_7658","Forbes_1951","0.123395586433573"
"DBPedia_979","Forbes_1574","0.20296763585236494"
"DBPedia_5398","Forbes_249","0.9991802654730334"
"DBPedia_7378","Forbes_1128","0.9565111024883682"
"DBPedia_2881","Forbes_1212","0.990661178464206"
"DBPedia_18","Forbes_599","0.9839557074868536"
"DBPedia_1990","Forbes_469","0.999552863513144"
"DBPedia_10192","Forbes_423","0.9995336463374153"
"DBPedia_1573","Forbes_536","0.5530044968390253"
"DBPedia_6059","Forbes_468","0.8816494151479537"
"DBPedia_4090","Forbes_1421","0.5678767990449094"
"DBPedia_4429","Forbes_1748","0.9820245249100477"
"DBPedia_10363","Forbes_1497","0.1324868611609746"
"DBPedia_9681","Forbes_453","0.10663698230691215"
"DBPedia_5747","Forbes_50","0.9929187454627336"
"DBPedia_2268","Forbes_267","0.9997210030382899"
"DBPedia_9739","Forbes_1517","0.9885650355468791"
"DBPedia_4045","Forbes_68","0.9939201002589958"
"DBPedia_10294","Forbes_685","0.16149531459642386"
"DBPedia_7367","Forbes_1037","0.9997203173604823"
"DBPedia_8688","Forbes_785","0.995556672593451"
"DBPedia_5555","Forbes_948","0.2521410969629309"
"DBPedia_2017","Forbes_131","0.13223993647329205"
"DBPedia_1870","Forbes_893","0.9958551327205167"
"DBPedia_2608","Forbes_1523","0.7401988625403193"
"DBPedia_3853","Forbes_295","0.9460809067469044"
"DBPedia_10674","Forbes_109","0.9997206787483749"
"DBPedia_860","Forbes_1410","0.2766798505324223"
"DBPedia_8692","Forbes_203","0.226035946195617"
"DBPedia_806","Forbes_197","0.1249194532401287"
"DBPedia_3690","Forbes_405","0.20619105965567933"
"DBPedia_3160","Forbes_1280","0.6008815184814887"
"DBPedia_7271","Forbes_639","0.9914387204720726"
"DBPedia_9263","Forbes_1090","0.9995515445646285"
"DBPedia_10213","Forbes_922","0.10536718436760595"
"DBPedia_7551","Forbes_959","0.9997210030382899"
"DBPedia_3699","Forbes_779","0.9974556771776222"
"DBPedia_9579","Forbes_377","0.12803507910121123"
"DBPedia_666","Forbes_619","0.9997027259269773"
"DBPedia_9748","Forbes_329","0.9979028617596474"
"DBPedia_3102","Forbes_426","0.903908168763853"
"DBPedia_4934","Forbes_1327","0.13270588505055045"
"DBPedia_1209","Forbes_458","0.9917947474253701"
"DBPedia_6408","Forbes_813","0.9992989164298602"
"DBPedia_8953","Forbes_1883","0.13434030618542048"
"DBPedia_7284","Forbes_382","0.9903202249652514"
"DBPedia_4209","Forbes_1683","0.36432707359214456"
"DBPedia_5917","Forbes_1364","0.9990241814513517"
"DBPedia_3706","Forbes_778","0.9992052479757882"
"DBPedia_245","Forbes_1712","0.5512416187999731"
"DBPedia_2706","Forbes_1537","0.9921545808164166"
"DBPedia_5114","Forbes_567","0.9995591650208362"
"DBPedia_7730","Forbes_936","0.17412506810693432"
"DBPedia_7954","Forbes_590","0.9991863024785054"
"DBPedia_9510","Forbes_268","0.9922500592096687"
"DBPedia_5754","Forbes_715","0.1424825130815211"
"DBPedia_2276","Forbes_760","0.9772213278103369"
"DBPedia_4396","Forbes_1100","0.9996636521873016"
"DBPedia_6407","Forbes_1273","0.3050285068565953"
"DBPedia_5754","Forbes_1383","0.9995862764365113"
"DBPedia_356","Forbes_873","0.5619744729089501"
"DBPedia_3771","Forbes_1155","0.13187855781857286"
"DBPedia_10433","Forbes_372","0.9984389278432486"
"DBPedia_3706","Forbes_1976","0.35184558591168463"
"DBPedia_8033","Forbes_915","0.9781703287765374"
"DBPedia_4900","Forbes_1087","0.9455339974098053"
"DBPedia_2624","Forbes_1395","0.7554148631363414"
"DBPedia_4129","Forbes_1815","0.15263952770318365"
"DBPedia_2701","Forbes_300","0.9934388592537526"
"DBPedia_10513","Forbes_1464","0.38480207501053515"
"DBPedia_4754","Forbes_928","0.9996223782188136"
"DBPedia_8866","Forbes_1571","0.47325564048015406"
"DBPedia_1579","Forbes_1435","0.11047960177665066"
"DBPedia_2255","Forbes_927","0.4653743667900055"
"DBPedia_6212","Forbes_1869","0.15265599065282806"
"DBPedia_1610","Forbes_1211","0.9906236411067986"
"DBPedia_8717","Forbes_790","0.9997210030382899"
"DBPedia_3614","Forbes_170","0.8863649520254568"
"DBPedia_2672","Forbes_1508","0.9841033546411037"
"DBPedia_6683","Forbes_1147","0.2889035807641495"
"DBPedia_8692","Forbes_908","0.3310524288974775"
"DBPedia_5555","Forbes_263","0.24532615569947325"
"DBPedia_3547","Forbes_750","0.9942012119733988"
"DBPedia_2801","Forbes_1987","0.9840077500986084"
"DBPedia_3314","Forbes_1035","0.12574763514393886"
"DBPedia_4950","Forbes_1336","0.5646618865766396"
"DBPedia_3905","Forbes_471","0.9995856901624202"
"DBPedia_4425","Forbes_1651","0.8097764302673085"
"DBPedia_6128","Forbes_215","0.9997100334518355"
"DBPedia_4387","Forbes_1457","0.11340085827850181"
"DBPedia_7905","Forbes_1917","0.99510304484599"
"DBPedia_6511","Forbes_753","0.8523213059879439"
"DBPedia_6127","Forbes_1222","0.9996512421178986"
"DBPedia_8381","Forbes_876","0.9946646013720609"
"DBPedia_2563","Forbes_1403","0.9622072316760537"
"DBPedia_9122","Forbes_757","0.9995104719370721"
"DBPedia_1344","Forbes_697","0.9515829199059961"
"DBPedia_8233","Forbes_1449","0.11910228094068111"
"DBPedia_8330","Forbes_65","0.9995545910628189"
"DBPedia_7176","Forbes_287","0.14273361918955774"
"DBPedia_3736","Forbes_391","0.9997203450456669"
"DBPedia_872","Forbes_56","0.4374573592944214"
"DBPedia_5250","Forbes_1507","0.9622072316760537"
"DBPedia_216","Forbes_1315","0.9993646074467472"
"DBPedia_6631","Forbes_1263","0.9265728947406398"
"DBPedia_2864","Forbes_365","0.5527732385741598"
"DBPedia_8460","Forbes_492","0.3099372770558777"
"DBPedia_3704","Forbes_377","0.11036381612191701"
"DBPedia_650","Forbes_1106","0.1114820308285182"
"DBPedia_1870","Forbes_350","0.11001282589006939"
"DBPedia_4653","Forbes_949","0.9950031884079265"
"DBPedia_9586","Forbes_1303","0.9920778802320862"
"DBPedia_4060","Forbes_305","0.3735926678997296"
"DBPedia_7558","Forbes_709","0.9997155944428467"
"DBPedia_7666","Forbes_569","0.2272580617540003"
"DBPedia_4061","Forbes_1226","0.21348593364806606"
"DBPedia_42","Forbes_1191","0.1024199357439011"
"DBPedia_3690","Forbes_713","0.12226693116286157"
"DBPedia_8540","Forbes_188","0.9997196120681053"
"DBPedia_3513","Forbes_111","0.3001672659618174"
"DBPedia_3450","Forbes_1966","0.19054323098468634"
"DBPedia_5555","Forbes_395","0.6054917406723275"
"DBPedia_6008","Forbes_1625","0.31681871220926217"
"DBPedia_5974","Forbes_1431","0.9973098458010148"
"DBPedia_4934","Forbes_806","0.37929394367082814"
"DBPedia_742","Forbes_861","0.22566162349291932"
"DBPedia_10122","Forbes_1802","0.9986879389862606"
"DBPedia_6312","Forbes_442","0.13053384449742264"
"DBPedia_3781","Forbes_1525","0.7316527069621559"
"DBPedia_2115","Forbes_635","0.5516849329298972"
"DBPedia_9832","Forbes_1510","0.20542028985388638"
"DBPedia_10386","Forbes_1521","0.5891114601329538"
"DBPedia_449","Forbes_1419","1.0"
"DBPedia_7571","Forbes_792","0.9522285035576747"
"DBPedia_4770","Forbes_1309","0.9992251488574739"
"DBPedia_670","Forbes_1429","0.9887146785268107"
"DBPedia_9735","Forbes_1108","0.10065432053185162"
"DBPedia_6923","Forbes_248","0.9996405083928338"
"DBPedia_9857","Forbes_276","0.9935385851097139"
"DBPedia_3706","Forbes_942","0.3276987638228177"
"DBPedia_10502","Forbes_468","0.6435688502860827"
"DBPedia_2084","Forbes_1097","0.5664098748160455"
"DBPedia_4606","Forbes_1298","0.9647187883618981"
"DBPedia_8372","Forbes_1133","0.1416553138806966"
"DBPedia_1274","Forbes_1407","0.11791141592963082"
"DBPedia_10385","Forbes_778","0.4641836391705936"
"DBPedia_425","Forbes_910","0.9786015004831036"
"DBPedia_5379","Forbes_125","0.9854141631060301"
"DBPedia_4791","Forbes_101","0.9962041669387941"
"DBPedia_8199","Forbes_1259","0.9803244365977651"
"DBPedia_433","Forbes_976","0.9197790272598129"
"DBPedia_10386","Forbes_870","0.13533381111794743"
"DBPedia_10650","Forbes_1376","0.5512416187999731"
"DBPedia_708","Forbes_1242","0.10339570541070851"
"DBPedia_8633","Forbes_454","0.1416645649388171"
"DBPedia_10549","Forbes_1039","0.5512416187999731"
"DBPedia_6403","Forbes_1503","0.1269229298906512"
"DBPedia_1177","Forbes_1395","0.12246118666989483"
"DBPedia_3740","Forbes_990","0.9844010434537149"
"DBPedia_1562","Forbes_42","0.9995350398270535"
"DBPedia_3328","Forbes_251","0.9912414976475507"
"DBPedia_10671","Forbes_865","1.0"
"DBPedia_9583","Forbes_908","0.30288640410624695"
"DBPedia_6683","Forbes_1016","0.10371681168150089"
"DBPedia_4909","Forbes_1639","0.9522285035576747"
"DBPedia_7002","Forbes_1327","0.11609260462904518"
"DBPedia_5984","Forbes_642","0.9990975886564563"
"DBPedia_1590","Forbes_1454","0.9995563862536767"
"DBPedia_5585","Forbes_222","0.9942489613241573"
"DBPedia_1423","Forbes_628","0.17353067782509327"
"DBPedia_6439","Forbes_1500","0.9991657954076202"
"DBPedia_3455","Forbes_114","0.16448027642116325"
"DBPedia_9353","Forbes_697","0.19919625280202996"
"DBPedia_10015","Forbes_965","0.9975618759730118"
"DBPedia_9009","Forbes_1274","0.9975598992165531"
"DBPedia_1149","Forbes_478","0.9994620169702289"
"DBPedia_7384","Forbes_855","0.9986688911965893"
"DBPedia_3704","Forbes_1502","0.3103850692993509"
"DBPedia_5557","Forbes_69","0.9942035949806345"
"DBPedia_458","Forbes_1068","0.24122371067997447"
"DBPedia_2892","Forbes_1793","0.991207894018012"
"DBPedia_5555","Forbes_99","0.22704739367429735"
"DBPedia_2878","Forbes_931","0.9996819362469126"
"DBPedia_10146","Forbes_1511","0.28059841763611065"
"DBPedia_9119","Forbes_1173","0.5512416187999731"
"DBPedia_6572","Forbes_1401","0.21954133652063024"
"DBPedia_4910","Forbes_1586","0.9997737138339025"
"DBPedia_9752","Forbes_1529","0.9988021705581487"
"DBPedia_8719","Forbes_976","0.11968210131735621"
"DBPedia_7361","Forbes_646","0.18328938446914772"
"DBPedia_433","Forbes_817","0.2846955984153146"
"DBPedia_3329","Forbes_99","0.2360123624028383"
"DBPedia_5375","Forbes_1133","0.2553796851051018"
"DBPedia_8931","Forbes_1163","0.11740562265061089"
"DBPedia_226","Forbes_171","0.6578552790819543"
"DBPedia_9869","Forbes_945","0.13174227281610307"
"DBPedia_8484","Forbes_1505","0.11550082041110028"
"DBPedia_2196","Forbes_741","0.11726172978962467"
"DBPedia_1558","Forbes_182","0.9963772555662507"
"DBPedia_9291","Forbes_118","0.29600903733426676"
"DBPedia_5624","Forbes_1432","0.9453496736755685"
"DBPedia_4580","Forbes_1479","0.1027064269912648"
"DBPedia_782","Forbes_1316","0.5512416187999731"
"DBPedia_806","Forbes_308","0.15227226113720638"
"DBPedia_4407","Forbes_1199","0.8452355426464624"
"DBPedia_10453","Forbes_236","0.9984204595105232"
"DBPedia_8669","Forbes_695","0.15803973803517551"
"DBPedia_7486","Forbes_1078","0.13621299327191833"
"DBPedia_672","Forbes_492","0.9942368324637317"
"DBPedia_7846","Forbes_1932","0.2859114369027893"
"DBPedia_9999","Forbes_166","0.19443085041478436"
"DBPedia_5910","Forbes_1571","0.26415964423706856"
"DBPedia_5209","Forbes_1267","0.9996428773864173"
"DBPedia_4577","Forbes_1717","0.9993452084223285"
"DBPedia_9369","Forbes_385","0.9423416935164517"
"DBPedia_2836","Forbes_1448","0.9622072316760537"
"DBPedia_6574","Forbes_1814","0.17848723005819764"
"DBPedia_9323","Forbes_512","0.1461554185607511"
"DBPedia_6570","Forbes_736","0.25701147488898285"
"DBPedia_2951","Forbes_1187","0.8657690608186512"
"DBPedia_2681","Forbes_362","0.9983763994011442"
"DBPedia_8719","Forbes_253","0.11828753677475455"
"DBPedia_10279","Forbes_487","0.993648921147163"
"DBPedia_3822","Forbes_1122","0.7173975340016991"
"DBPedia_4727","Forbes_1432","0.28010558740622776"
"DBPedia_9605","Forbes_1279","0.9854201845633916"
"DBPedia_3037","Forbes_1968","0.11974046945545702"
"DBPedia_10434","Forbes_1960","0.102246562622626"
"DBPedia_8205","Forbes_1700","0.15478667747663366"
"DBPedia_2288","Forbes_1023","0.2739815646864952"
"DBPedia_8628","Forbes_99","0.24148649881690473"
"DBPedia_4403","Forbes_601","0.9997210030382899"
"DBPedia_8329","Forbes_1896","0.9415819114655882"
"DBPedia_9758","Forbes_1195","1.0"
"DBPedia_6751","Forbes_1184","0.9994717000556758"
"DBPedia_6773","Forbes_1900","0.9997052381619761"
"DBPedia_8372","Forbes_349","0.1507725296281209"
"DBPedia_1992","Forbes_368","0.6219344127448289"
"DBPedia_10206","Forbes_1127","0.9997196036623309"
"DBPedia_6384","Forbes_1273","0.16004350673521064"
"DBPedia_2353","Forbes_1660","0.2196642317630696"
"DBPedia_8875","Forbes_68","0.49024813986382115"
"DBPedia_9539","Forbes_1736","0.11181039636965127"
"DBPedia_5406","Forbes_1596","0.10599231311345433"
"DBPedia_10158","Forbes_765","0.973379096373962"
"DBPedia_5667","Forbes_187","0.2349831456283275"
"DBPedia_6934","Forbes_686","0.11339936050015507"
"DBPedia_3345","Forbes_1552","0.25926282276344487"
"DBPedia_9138","Forbes_907","0.9983656188008583"
"DBPedia_6061","Forbes_597","0.1176003642378552"
"DBPedia_4763","Forbes_1664","0.9997176558124904"
"DBPedia_5065","Forbes_1336","0.11993576670489361"
"DBPedia_7194","Forbes_631","0.993742471017332"
"DBPedia_6165","Forbes_1329","0.10881222804233213"
"DBPedia_9825","Forbes_540","0.10900594568431138"
"DBPedia_5748","Forbes_1782","0.9992718051718309"
"DBPedia_7920","Forbes_1565","0.2867433611951569"
"DBPedia_2196","Forbes_672","0.9647518227172658"
"DBPedia_10075","Forbes_736","0.45653261811641316"
"DBPedia_8805","Forbes_135","0.9932283953646903"
"DBPedia_647","Forbes_364","0.9995130030253666"
"DBPedia_1593","Forbes_64","0.16558093953500702"
"DBPedia_4924","Forbes_1009","0.9991256233511439"
"DBPedia_906","Forbes_1660","0.9826771248738849"
"DBPedia_8707","Forbes_1725","0.12227466970583878"
"DBPedia_8953","Forbes_886","0.21085422287409794"
"DBPedia_3631","Forbes_1992","0.12249886468950247"
"DBPedia_6856","Forbes_655","0.9787679660400528"
"DBPedia_9735","Forbes_759","0.78094152112069"
"DBPedia_3067","Forbes_1534","0.10402211277692408"
"DBPedia_8193","Forbes_1086","0.9875438857861482"
"DBPedia_4362","Forbes_941","0.8964859128269895"
"DBPedia_459","Forbes_1775","0.9913384298996164"
"DBPedia_10","Forbes_1828","0.9956266249081213"
"DBPedia_7481","Forbes_65","0.10142714719898957"
"DBPedia_6185","Forbes_1134","0.1470469446517457"
"DBPedia_5381","Forbes_32","0.9997209432647134"
"DBPedia_6591","Forbes_207","0.9997190037796682"
"DBPedia_10386","Forbes_1296","0.9996323910537177"
"DBPedia_3546","Forbes_1504","0.9997187107864629"
"DBPedia_3315","Forbes_1273","0.10580806962528662"
"DBPedia_1577","Forbes_1169","0.9996913069875235"
"DBPedia_10291","Forbes_737","0.9992419700700831"
"DBPedia_9617","Forbes_602","0.9996711248816313"
"DBPedia_2690","Forbes_1175","0.43866217097072574"
"DBPedia_9250","Forbes_322","0.1380435065957598"
"DBPedia_8716","Forbes_1602","0.23787752939741386"
"DBPedia_1708","Forbes_1162","0.9715701902723568"
"DBPedia_6913","Forbes_1303","0.45273990097034594"
"DBPedia_1365","Forbes_999","0.999127563020023"
"DBPedia_9552","Forbes_1404","0.16213763091134537"
"DBPedia_9681","Forbes_620","0.995943131427437"
"DBPedia_2104","Forbes_1910","0.34604310713699316"
"DBPedia_9368","Forbes_1802","0.2392550606132148"
"DBPedia_448","Forbes_1840","0.9995014088455284"
"DBPedia_3067","Forbes_723","0.93040034438714"
"DBPedia_4205","Forbes_635","0.11676720902198731"
"DBPedia_9139","Forbes_384","0.9997208181182703"
"DBPedia_2277","Forbes_226","0.9992414509438104"
"DBPedia_1500","Forbes_1838","0.9953041784390434"
"DBPedia_5790","Forbes_1800","0.2536116432079738"
"DBPedia_1785","Forbes_315","0.9541616934966715"
"DBPedia_8757","Forbes_502","0.30953379767764755"
"DBPedia_5745","Forbes_1175","0.15713712326898627"
"DBPedia_5385","Forbes_801","0.9773641858094207"
"DBPedia_3321","Forbes_889","0.49023934246012013"
"DBPedia_4730","Forbes_1125","0.9622072316760537"
"DBPedia_8558","Forbes_1373","0.15899590996976198"
"DBPedia_1068","Forbes_1376","0.16725970571318774"
"DBPedia_3936","Forbes_635","0.39020483587024746"
"DBPedia_2093","Forbes_1007","0.9522285035576747"
"DBPedia_5570","Forbes_808","0.10840593250168588"
"DBPedia_7747","Forbes_832","0.9878192970959188"
"DBPedia_4748","Forbes_545","0.9528032033527705"
"DBPedia_4939","Forbes_1795","0.9996102155232356"
"DBPedia_995","Forbes_430","0.9958586315540814"
"DBPedia_6277","Forbes_628","0.13617566919701407"
"DBPedia_898","Forbes_606","0.13676121359872556"
"DBPedia_4050","Forbes_1235","0.8376868902241874"
"DBPedia_4031","Forbes_740","0.9522285035576747"
"DBPedia_3047","Forbes_854","0.7196896731580428"
"DBPedia_10331","Forbes_1545","0.1027108882746256"
"DBPedia_3690","Forbes_303","0.17349746118857456"
"DBPedia_6758","Forbes_1671","0.9995732174008853"
"DBPedia_1352","Forbes_1922","0.10845173193746217"
"DBPedia_10513","Forbes_1235","0.11051454647688341"
"DBPedia_790","Forbes_834","0.961526452432603"
"DBPedia_8932","Forbes_1176","0.10187215985177321"
"DBPedia_8809","Forbes_1839","0.9704424300020169"
"DBPedia_9032","Forbes_1994","0.15584624462425586"
"DBPedia_7902","Forbes_343","0.9623637893975026"
"DBPedia_443","Forbes_1638","0.8081861856392444"
"DBPedia_1587","Forbes_1230","0.9995618903761514"
"DBPedia_4747","Forbes_420","0.9775344133188663"
"DBPedia_5375","Forbes_349","0.9991961117287346"
"DBPedia_5115","Forbes_596","0.11077066876989479"
"DBPedia_8867","Forbes_617","0.1544501889191012"
"DBPedia_4400","Forbes_1377","0.9997210030382899"
"DBPedia_5525","Forbes_1284","0.10480543504133197"
"DBPedia_5869","Forbes_1450","0.5358666278006498"
"DBPedia_672","Forbes_1920","0.1007173643325375"
"DBPedia_6133","Forbes_1266","0.9662894576982075"
"DBPedia_8523","Forbes_1522","0.3650258877124663"
"DBPedia_2515","Forbes_1590","0.6883020832949436"
"DBPedia_7093","Forbes_283","0.9415819114655882"
"DBPedia_6224","Forbes_147","0.11425262456826445"
"DBPedia_6832","Forbes_990","0.149580023003131"
"DBPedia_8628","Forbes_395","0.14650045736631312"
"DBPedia_1355","Forbes_1872","0.9996251796088061"
"DBPedia_2477","Forbes_423","0.19345914745269746"
"DBPedia_7385","Forbes_968","0.9989356847296067"
"DBPedia_2735","Forbes_1701","0.9989988677970156"
"DBPedia_2800","Forbes_946","0.9857958757324519"
"DBPedia_10529","Forbes_1787","0.149580023003131"
"DBPedia_10081","Forbes_1928","0.3823195901983121"
"DBPedia_3510","Forbes_1048","0.11257990148993449"
"DBPedia_6927","Forbes_1082","0.39471650112800855"
"DBPedia_2540","Forbes_1447","0.957133257231783"
"DBPedia_18","Forbes_1572","0.26229071648700986"
"DBPedia_3927","Forbes_1135","0.47533434805971697"
"DBPedia_956","Forbes_1373","0.9992770201997186"
"DBPedia_238","Forbes_1257","0.16756687095724768"
"DBPedia_5376","Forbes_253","0.9989431077842862"
"DBPedia_2899","Forbes_1625","0.6631400850517676"
"DBPedia_453","Forbes_39","0.9568840200691622"
"DBPedia_5939","Forbes_462","0.9995150403181233"
"DBPedia_248","Forbes_1951","0.3247223401905879"
"DBPedia_2894","Forbes_406","0.1273307612989499"
"DBPedia_4338","Forbes_1693","0.16574516176559184"
"DBPedia_9030","Forbes_814","0.9942363450028521"
"DBPedia_5944","Forbes_1600","0.9996534742668017"
"DBPedia_3139","Forbes_247","0.9978367079916355"
"DBPedia_4104","Forbes_267","0.120928782686816"
"DBPedia_8038","Forbes_1117","1.0"
"DBPedia_1198","Forbes_1254","0.9953633500428811"
"DBPedia_7382","Forbes_1172","0.9866801138786513"
"DBPedia_9790","Forbes_1973","0.27093569734218903"
"DBPedia_6391","Forbes_1273","0.16565246627569513"
"DBPedia_6733","Forbes_538","0.9622072316760537"
"DBPedia_8633","Forbes_74","0.11441316653400238"
"DBPedia_9583","Forbes_1043","0.9997170737817508"
"DBPedia_5556","Forbes_110","0.1026873070916477"
"DBPedia_10119","Forbes_569","0.48615665105537714"
"DBPedia_10673","Forbes_261","0.9991905414090225"
"DBPedia_1203","Forbes_936","0.40636620966017895"
"DBPedia_5840","Forbes_679","0.9046045430019706"
"DBPedia_851","Forbes_318","0.9993870740241853"
"DBPedia_644","Forbes_4","0.9994224595222186"
"DBPedia_2143","Forbes_305","0.20877212808313073"
"DBPedia_6312","Forbes_945","0.12010291258873267"
"DBPedia_8378","Forbes_486","0.1035272569585695"
"DBPedia_955","Forbes_51","0.9995593656017062"
"DBPedia_2840","Forbes_1169","0.2563374030152575"
"DBPedia_1604","Forbes_1942","0.33203623072015864"
"DBPedia_3469","Forbes_1822","0.8620378778562235"
"DBPedia_468","Forbes_1029","0.9760278840258555"
"DBPedia_7666","Forbes_736","0.9934044892849153"
"DBPedia_9095","Forbes_734","0.1255112880158424"
"DBPedia_8460","Forbes_355","0.3901375865126839"
"DBPedia_4647","Forbes_267","0.20801573934107337"
"DBPedia_2288","Forbes_1457","0.10645082607366015"
"DBPedia_896","Forbes_982","0.10304523544786161"
"DBPedia_2326","Forbes_855","0.12687456595815055"
"DBPedia_9825","Forbes_1865","0.18239150500821932"
"DBPedia_9621","Forbes_885","0.9959452947730214"
"DBPedia_9830","Forbes_1244","0.9736484317577078"
"DBPedia_5048","Forbes_1301","0.5713510017749185"
"DBPedia_4195","Forbes_1937","0.406184797209365"
"DBPedia_434","Forbes_702","0.9966773395609247"
"DBPedia_7216","Forbes_838","0.19686012559209393"
"DBPedia_5552","Forbes_1790","0.9989144558370293"
"DBPedia_9616","Forbes_119","0.1021501781266818"
"DBPedia_10685","Forbes_320","0.2697575101035628"
"DBPedia_4765","Forbes_1051","0.271785957261495"
"DBPedia_7752","Forbes_274","0.11521812939836683"
"DBPedia_3144","Forbes_1610","0.967797387589918"
"DBPedia_3334","Forbes_764","0.2598738251664659"
"DBPedia_2625","Forbes_605","0.9994993629516038"
"DBPedia_5937","Forbes_1174","0.3074187586174763"
"DBPedia_4590","Forbes_544","0.2051704445041195"
"DBPedia_5200","Forbes_457","0.995512383380067"
"DBPedia_1822","Forbes_1446","0.21102693599465552"
"DBPedia_8050","Forbes_984","0.9941666232430011"
"DBPedia_8628","Forbes_948","0.1357649678560332"
"DBPedia_9468","Forbes_1685","0.13090724969467016"
"DBPedia_560","Forbes_1744","0.9942189583335954"
"DBPedia_1507","Forbes_1889","0.3082715483622894"
"DBPedia_5910","Forbes_720","0.21506739973471045"
"DBPedia_6734","Forbes_1343","0.9191231135760785"
"DBPedia_1367","Forbes_156","0.997835325599532"
"DBPedia_4934","Forbes_1219","0.12744037424002008"
"DBPedia_806","Forbes_152","0.263897869786346"
"DBPedia_5032","Forbes_592","0.9624845930947484"
"DBPedia_3037","Forbes_267","0.1244279616837816"
"DBPedia_6312","Forbes_1181","0.15429096075400237"
"DBPedia_5010","Forbes_1116","0.9920855319307248"
"DBPedia_8712","Forbes_319","0.9993211787234438"
"DBPedia_7311","Forbes_1728","0.9415824170301426"
"DBPedia_6940","Forbes_1488","0.13560779169647524"
"DBPedia_7380","Forbes_65","0.12122336982582825"
"DBPedia_7103","Forbes_1669","0.9942931814478625"
"DBPedia_1807","Forbes_195","0.9966826512845005"
"DBPedia_5671","Forbes_1010","0.9957956609643565"
"DBPedia_6406","Forbes_1221","0.9976244992821343"
"DBPedia_6506","Forbes_1505","0.1383966102477228"
"DBPedia_5300","Forbes_388","0.3385149223288348"
"DBPedia_2270","Forbes_512","0.13840414383938332"
"DBPedia_9194","Forbes_1821","0.16168272812212137"
"DBPedia_3051","Forbes_1515","0.9991938990742895"
"DBPedia_3018","Forbes_1662","0.11561056317168557"
"DBPedia_5479","Forbes_794","0.981752629654537"
"DBPedia_4712","Forbes_1034","0.1300489882819718"
"DBPedia_1565","Forbes_1661","0.8551813368050033"
"DBPedia_9291","Forbes_1460","0.9963533576167934"
"DBPedia_4982","Forbes_654","0.9415819114655882"
"DBPedia_2624","Forbes_1273","0.10757011335111608"
"DBPedia_6385","Forbes_525","0.9923188612794713"
"DBPedia_3734","Forbes_908","0.10903344746624936"
"DBPedia_9095","Forbes_434","0.9878310234391788"
"DBPedia_9188","Forbes_1970","0.9174196252068534"
"DBPedia_6407","Forbes_1395","0.11699194370662697"
"DBPedia_2704","Forbes_1521","0.3399103532421335"
"DBPedia_3270","Forbes_828","0.11231841406594938"
"DBPedia_3032","Forbes_257","0.9624496732348017"
"DBPedia_4934","Forbes_1883","0.12971212488737968"
"DBPedia_4934","Forbes_1064","0.2013889635165533"
"DBPedia_8953","Forbes_1327","0.2108040444306844"
"DBPedia_10224","Forbes_994","0.9993975130080536"
"DBPedia_9368","Forbes_1790","0.15810724494770267"
"DBPedia_8478","Forbes_1505","0.36158408624479416"
"DBPedia_8890","Forbes_1210","0.9968263268883123"
"DBPedia_514","Forbes_331","0.23373920930602393"
"DBPedia_2572","Forbes_636","0.8324858909584025"
"DBPedia_848","Forbes_1444","0.9781899688555028"
"DBPedia_2473","Forbes_1344","0.1548649174019861"
"DBPedia_8945","Forbes_1467","0.861921687311723"
"DBPedia_1577","Forbes_800","0.11979595203796452"
"DBPedia_10070","Forbes_1903","0.9996721624909946"
"DBPedia_1134","Forbes_581","0.9622072316760537"
"DBPedia_5892","Forbes_159","0.10243694004525171"
"DBPedia_3270","Forbes_1910","0.1223546172509153"
"DBPedia_5400","Forbes_1440","0.9999999999101448"
"DBPedia_7221","Forbes_1239","0.6577492231428287"
"DBPedia_10013","Forbes_176","0.22911563524768558"
"DBPedia_567","Forbes_62","0.6606562468798417"
"DBPedia_653","Forbes_1353","0.1050107992548096"
"DBPedia_4393","Forbes_176","0.9854677277796675"
"DBPedia_1801","Forbes_663","0.9749178689934453"
"DBPedia_5751","Forbes_29","0.9466794535132567"
"DBPedia_6932","Forbes_1894","0.999663236372855"
"DBPedia_2268","Forbes_565","0.20018608818552572"
"DBPedia_3569","Forbes_486","0.20410575664300096"
"DBPedia_7112","Forbes_992","0.997217474145744"
"DBPedia_5394","Forbes_1629","0.9997270116159819"
"DBPedia_3875","Forbes_1788","0.9182558887343022"
"DBPedia_4045","Forbes_406","0.11029423232513093"
"DBPedia_5358","Forbes_1","0.9909446716901391"
"DBPedia_5581","Forbes_735","0.9685745648944779"
"DBPedia_6923","Forbes_15","0.20284953192250912"
"DBPedia_974","Forbes_938","0.9996250192840938"
"DBPedia_2777","Forbes_1666","0.991254192020161"
"DBPedia_7213","Forbes_628","0.9999992939181593"
"DBPedia_8340","Forbes_1204","0.9991632642314171"
"DBPedia_8628","Forbes_169","0.19340317355370332"
"DBPedia_4891","Forbes_1225","0.9853983074840721"
"DBPedia_2188","Forbes_1017","0.9622072316760537"
"DBPedia_10027","Forbes_1842","0.9622072316760537"
"DBPedia_9143","Forbes_1409","0.7760398128883785"
"DBPedia_4906","Forbes_296","0.5512416187999731"
"DBPedia_4645","Forbes_1790","0.11609260462904518"
"DBPedia_10571","Forbes_1239","0.11380852678229424"
"DBPedia_6570","Forbes_569","0.999685445809924"
"DBPedia_2428","Forbes_299","0.11993116751609227"
"DBPedia_3030","Forbes_596","0.9989883279728913"
"DBPedia_672","Forbes_355","0.18436649054756446"
"DBPedia_8472","Forbes_1530","0.9469696180439625"
"DBPedia_3146","Forbes_1376","0.2160843448493204"
"DBPedia_10537","Forbes_621","0.963569663825645"
"DBPedia_1595","Forbes_117","0.9995145509081127"
"DBPedia_10380","Forbes_1419","0.9942489613241573"
"DBPedia_458","Forbes_1916","0.10011775796384545"
"DBPedia_1946","Forbes_1557","0.9539858533207191"
"DBPedia_5381","Forbes_114","0.11540060778764553"
"DBPedia_10192","Forbes_1796","0.42369811838745747"
"DBPedia_2055","Forbes_360","0.9894018946070837"
"DBPedia_1345","Forbes_648","0.9986340823028984"
"DBPedia_3163","Forbes_1747","0.5857934115008218"
"DBPedia_6409","Forbes_736","0.24556414136980598"
"DBPedia_10683","Forbes_1258","0.23850355466622553"
"DBPedia_1344","Forbes_99","0.2812307200252336"
"DBPedia_6664","Forbes_1288","0.34885172791264574"
"DBPedia_969","Forbes_304","0.2695048546651245"
"DBPedia_9825","Forbes_505","0.24691290088632062"
"DBPedia_3344","Forbes_1121","0.9996458078413366"
"DBPedia_8866","Forbes_1446","0.9997195679397436"
"DBPedia_1352","Forbes_1375","0.9975200736598036"
"DBPedia_4104","Forbes_1332","0.11625741260610879"
"DBPedia_7207","Forbes_1625","0.4655251870264185"
"DBPedia_3074","Forbes_262","0.6752259080679529"
"DBPedia_5366","Forbes_678","0.9971538493047685"
"DBPedia_2779","Forbes_1800","0.9522285035576747"
"DBPedia_3587","Forbes_584","0.9985046675493664"
"DBPedia_81","Forbes_1527","0.11431883927182922"
"DBPedia_9113","Forbes_447","0.10392404972754384"
"DBPedia_9353","Forbes_263","0.996796859048238"
"DBPedia_8194","Forbes_1835","0.9884792870206222"
"DBPedia_4761","Forbes_323","0.24650622166425137"
"DBPedia_3727","Forbes_560","0.9980558599173954"
"DBPedia_7576","Forbes_921","0.7442182103234325"
"DBPedia_8079","Forbes_425","0.9988372448676796"
"DBPedia_8549","Forbes_58","0.7907867642697163"
"DBPedia_8352","Forbes_493","0.9940977780428472"
"DBPedia_2561","Forbes_1257","0.11216754641918156"
"DBPedia_3325","Forbes_173","0.9996661257206334"
"DBPedia_1255","Forbes_1803","0.9814036641816163"
"DBPedia_8422","Forbes_1992","0.2863201721965108"
"DBPedia_1810","Forbes_1235","0.1987656435377924"
"DBPedia_7396","Forbes_936","0.10308429958121075"
"DBPedia_1159","Forbes_473","0.18282745965537148"
"DBPedia_9113","Forbes_1408","0.9831056769081766"
"DBPedia_2330","Forbes_1527","0.12420578609876798"
"DBPedia_9189","Forbes_681","0.21506369987949533"
"DBPedia_8628","Forbes_284","0.9857003520837866"
"DBPedia_3335","Forbes_1909","0.14690639842866843"
"DBPedia_10192","Forbes_1147","0.22468332302408836"
"DBPedia_6769","Forbes_1450","0.11387941711665837"
"DBPedia_3734","Forbes_1230","0.3133800351110776"
"DBPedia_353","Forbes_1401","0.17328156417307367"
"DBPedia_8406","Forbes_1681","0.9955596745931871"
"DBPedia_925","Forbes_1937","0.925251063348832"
"DBPedia_953","Forbes_520","0.9265728947406398"
"DBPedia_968","Forbes_183","0.9987570683752248"
"DBPedia_10100","Forbes_263","0.1353475096895007"
"DBPedia_8986","Forbes_754","0.9964173937380612"
"DBPedia_3527","Forbes_721","0.5512416187999731"
"DBPedia_8421","Forbes_1166","0.9958528953917202"
"DBPedia_2888","Forbes_815","0.9976182120624038"
"DBPedia_5925","Forbes_622","0.9942002470378095"
"DBPedia_6409","Forbes_920","0.11202367998889388"
"DBPedia_20","Forbes_573","0.9996304561911363"
"DBPedia_8360","Forbes_1457","0.9416259048278565"
"DBPedia_5142","Forbes_217","0.9622072316760537"
"DBPedia_5299","Forbes_1110","0.12605422561027108"
"DBPedia_6924","Forbes_1104","0.9752435903916966"
"DBPedia_8638","Forbes_374","0.49023934246012013"
"DBPedia_5428","Forbes_1725","0.9415819114655882"
"DBPedia_6934","Forbes_894","0.9962768777449539"
"DBPedia_1842","Forbes_1040","0.6925328016951625"
"DBPedia_7833","Forbes_1502","0.8709020711832196"
"DBPedia_2521","Forbes_1951","0.9622072316760537"
"DBPedia_2668","Forbes_526","0.12432631642103215"
"DBPedia_9358","Forbes_1817","0.17578090536375954"
"DBPedia_4921","Forbes_350","0.992636593459351"
"DBPedia_10386","Forbes_778","0.18459373273497923"
"DBPedia_8030","Forbes_308","0.9062851513894895"
"DBPedia_19","Forbes_1691","0.12977077640981208"
"DBPedia_6409","Forbes_1166","0.3683852110594905"
"DBPedia_6583","Forbes_1456","0.11399158841321493"
"DBPedia_9353","Forbes_395","0.18722930695232284"
"DBPedia_1373","Forbes_600","0.9996744282048564"
"DBPedia_4557","Forbes_1536","0.9931211229973345"
"DBPedia_2399","Forbes_712","0.8670254524306558"
"DBPedia_8247","Forbes_1625","0.10139593771036831"
"DBPedia_6185","Forbes_1801","0.9747849809361664"
"DBPedia_9861","Forbes_611","0.9972849584642617"
"DBPedia_6860","Forbes_1330","0.7216660985508735"
"DBPedia_5105","Forbes_202","0.9992472828266517"
"DBPedia_1171","Forbes_1273","0.1002840755805997"
"DBPedia_2679","Forbes_669","0.999200691866997"
"DBPedia_2268","Forbes_975","0.10771943736591985"
"DBPedia_9618","Forbes_963","0.9937554170545432"
"DBPedia_7372","Forbes_1755","0.9997040527044659"
"DBPedia_3037","Forbes_1332","0.15777711996394117"
"DBPedia_845","Forbes_565","0.25085109033099834"
"DBPedia_2270","Forbes_128","0.9941773104847553"
"DBPedia_2899","Forbes_1865","0.6363605258638574"
"DBPedia_10034","Forbes_1140","0.9996033723808295"
"DBPedia_806","Forbes_555","0.10568856667291802"
"DBPedia_6757","Forbes_1725","0.1176692992565009"
"DBPedia_7366","Forbes_145","0.9549286631708792"
"DBPedia_6212","Forbes_503","0.9997210030382899"
"DBPedia_7731","Forbes_1666","0.13182798422181044"
"DBPedia_6785","Forbes_1916","0.9956109673421522"
"DBPedia_672","Forbes_593","0.16671903301977864"
"DBPedia_9833","Forbes_305","0.15723730446164427"
"DBPedia_3183","Forbes_826","0.3912225388413342"
"DBPedia_5555","Forbes_697","0.2112042494285288"
"DBPedia_9353","Forbes_99","0.10592206831884537"
"DBPedia_3055","Forbes_1217","0.12502646290119507"
"DBPedia_4049","Forbes_872","0.5512416187999731"
"DBPedia_9335","Forbes_1025","0.35420492401727305"
"DBPedia_4120","Forbes_565","0.13121569399445077"
"DBPedia_5937","Forbes_555","0.27624858872422103"
"DBPedia_6728","Forbes_537","0.9995593656017062"
"DBPedia_3078","Forbes_1329","0.12443591145851336"
"DBPedia_8330","Forbes_86","0.13157776209564115"
"DBPedia_4747","Forbes_133","0.1593287063489188"
"DBPedia_27","Forbes_882","0.9986603952909984"
"DBPedia_2866","Forbes_1014","0.9622526702463678"
"DBPedia_8931","Forbes_620","0.2894031474627005"
"DBPedia_958","Forbes_41","0.9176022698882303"
"DBPedia_1344","Forbes_263","0.16970675986647918"
"DBPedia_7227","Forbes_865","0.9999999986815462"
"DBPedia_3702","Forbes_1927","0.9902759370776617"
"DBPedia_701","Forbes_555","0.9822556368321691"
"DBPedia_2687","Forbes_1363","0.9974184101900945"
"DBPedia_4941","Forbes_1481","0.9991931908220844"
"DBPedia_10385","Forbes_1521","0.4179595114598314"
"DBPedia_4603","Forbes_120","0.9997206262567999"
"DBPedia_651","Forbes_691","0.9992989982533395"
"DBPedia_10475","Forbes_281","0.14872081372972404"
"DBPedia_9213","Forbes_1607","0.9932309395769491"
"DBPedia_6391","Forbes_736","0.10625928383882925"
"DBPedia_8088","Forbes_612","0.9997210030382899"
"DBPedia_9357","Forbes_1231","0.26451920086872455"
"DBPedia_3690","Forbes_1685","0.17535386923560975"
"DBPedia_7552","Forbes_1787","0.14168865995050217"
"DBPedia_645","Forbes_622","0.4574907292105779"
"DBPedia_9189","Forbes_422","0.14815358838163437"
"DBPedia_1357","Forbes_36","0.9686307470882284"
"DBPedia_242","Forbes_1935","0.26431915222074653"
"DBPedia_1597","Forbes_220","0.11048385111855837"
"DBPedia_4457","Forbes_149","0.5303192626999512"
"DBPedia_7393","Forbes_22","0.999572733275171"
"DBPedia_2274","Forbes_112","0.9989482949701226"
"DBPedia_6796","Forbes_1732","0.980249136757512"
"DBPedia_2476","Forbes_700","0.9994516971850995"
"DBPedia_10154","Forbes_1912","0.4062260879108962"
"DBPedia_9288","Forbes_1191","0.8221457877321052"
"DBPedia_5102","Forbes_1195","1.0"
"DBPedia_1597","Forbes_685","0.33676541057511306"
"DBPedia_4904","Forbes_175","0.9990699011523848"
"DBPedia_10226","Forbes_1161","0.7371083215600241"
"DBPedia_1353","Forbes_486","0.9988628324868877"
"DBPedia_2874","Forbes_31","0.9740129300631523"
"DBPedia_427","Forbes_1643","0.99843886789762"
"DBPedia_4686","Forbes_352","0.9851759673131023"
"DBPedia_2860","Forbes_491","0.9663434505476844"
"DBPedia_9273","Forbes_86","0.15964408304991295"
"DBPedia_6487","Forbes_795","0.9201187404595851"
"DBPedia_3554","Forbes_494","0.9627099478765292"
"DBPedia_9083","Forbes_1574","0.9971902954013222"
"DBPedia_6825","Forbes_671","0.8021131851841476"
"DBPedia_1351","Forbes_204","0.9633610871455135"
"DBPedia_3424","Forbes_216","0.2847325993603782"
"DBPedia_8178","Forbes_219","0.9632461115558397"
"DBPedia_957","Forbes_1715","0.998831506102483"
"DBPedia_9327","Forbes_585","0.3181000188097453"
"DBPedia_1810","Forbes_1064","0.13989544311684318"
"DBPedia_2302","Forbes_1341","0.9820421940803246"
"DBPedia_5236","Forbes_447","0.9903039339608306"
"DBPedia_4580","Forbes_1344","0.12830687830401177"
"DBPedia_2480","Forbes_70","0.9997004308050267"
"DBPedia_2343","Forbes_833","0.194294320688772"
"DBPedia_8331","Forbes_1892","0.9988325035860686"
"DBPedia_5371","Forbes_1273","0.999434992985775"
"DBPedia_1822","Forbes_720","0.26511987693168615"
"DBPedia_3309","Forbes_1062","0.1168204321090922"
"DBPedia_9246","Forbes_1660","0.4922000301761796"
"DBPedia_1523","Forbes_1838","0.10310683235609269"
"DBPedia_3943","Forbes_608","0.9652238347714566"
"DBPedia_3740","Forbes_1175","0.21125222093208887"
"DBPedia_1587","Forbes_908","0.3482893751150292"
"DBPedia_1262","Forbes_1510","0.11301065039368091"
"DBPedia_10038","Forbes_1735","0.9752916687985429"
"DBPedia_8690","Forbes_583","0.9995587019942885"
"DBPedia_2955","Forbes_1708","0.11567381439750868"
"DBPedia_10208","Forbes_731","0.9989932306384406"
"DBPedia_8631","Forbes_1706","0.9833152681691308"
"DBPedia_9189","Forbes_936","0.19074632548717502"
"DBPedia_4200","Forbes_34","0.9995593428649212"
"DBPedia_9730","Forbes_1786","0.9702836363728579"
"DBPedia_3936","Forbes_1032","0.9934483257285334"
"DBPedia_1147","Forbes_234","0.9978713183618696"
"DBPedia_1157","Forbes_1046","0.1169940880308077"
"DBPedia_3763","Forbes_1654","0.16930803816489157"
"DBPedia_8722","Forbes_870","0.9875658343103813"
"DBPedia_7758","Forbes_203","0.999156482572017"
"DBPedia_7731","Forbes_1068","0.18840194205468624"
"DBPedia_2707","Forbes_522","0.9997210030382899"
"DBPedia_1793","Forbes_1597","0.9990167331836626"
"DBPedia_8073","Forbes_1195","0.9999999992920905"
"DBPedia_8275","Forbes_1909","0.100421873661768"
"DBPedia_4343","Forbes_168","0.11282868236858205"
"DBPedia_1363","Forbes_695","0.9972886365202253"
"DBPedia_464","Forbes_8","0.9639365386206362"
"DBPedia_7485","Forbes_1966","0.9279636558792066"
"DBPedia_8083","Forbes_449","0.9991275896119702"
"DBPedia_3513","Forbes_110","0.1930164836686126"
"DBPedia_1361","Forbes_84","0.9922754054917216"
"DBPedia_2501","Forbes_945","0.1141741118872313"
"DBPedia_3417","Forbes_525","0.10572963246452767"
"DBPedia_5278","Forbes_1374","0.8662166868478541"
"DBPedia_5375","Forbes_1291","0.1387981878102185"
"DBPedia_8375","Forbes_953","0.9949877873804734"
"DBPedia_5758","Forbes_77","0.9996482890256313"
"DBPedia_2281","Forbes_100","0.9997202908709498"
"DBPedia_7829","Forbes_1229","0.9958340703446238"
"DBPedia_10571","Forbes_1485","0.16013092966425715"
"DBPedia_4934","Forbes_1174","0.3176316374436207"
"DBPedia_5050","Forbes_480","0.98303550936205"
"DBPedia_9353","Forbes_169","0.2510776665442366"
"DBPedia_8029","Forbes_1757","1.0"
"DBPedia_8327","Forbes_189","0.6986485863886"
"DBPedia_3704","Forbes_438","0.9987170268380856"
"DBPedia_10331","Forbes_560","0.18383651036296716"
"DBPedia_6140","Forbes_879","0.8814571658837919"
"DBPedia_8691","Forbes_703","0.9908279525094773"
"DBPedia_2278","Forbes_1516","0.9996719057133677"
"DBPedia_10684","Forbes_828","0.10635145459310925"
"DBPedia_3455","Forbes_128","0.15944344994242843"
"DBPedia_6859","Forbes_184","0.9915050956593431"
"DBPedia_447","Forbes_354","0.8541580563833063"
"DBPedia_1195","Forbes_570","0.15068815624284324"
"DBPedia_3556","Forbes_932","0.9622072316760537"
"DBPedia_5787","Forbes_203","0.11400939712322285"
"DBPedia_9974","Forbes_1128","0.9918583597208139"
"DBPedia_5587","Forbes_901","0.9984737993828077"
"DBPedia_10100","Forbes_169","0.44440135193182306"
"DBPedia_991","Forbes_865","0.18017872021376943"
"DBPedia_6571","Forbes_684","0.9997194723400297"
"DBPedia_1497","Forbes_1912","0.47605891388878246"
"DBPedia_3520","Forbes_1021","0.9990535906161359"
"DBPedia_3341","Forbes_1505","0.1711526232886776"
"DBPedia_250","Forbes_1951","0.24600859908342484"
"DBPedia_2580","Forbes_1912","0.15122298267410897"
"DBPedia_5745","Forbes_1068","0.9997210030382899"
"DBPedia_10013","Forbes_66","0.9986744276799617"
"DBPedia_8862","Forbes_1670","0.1950208186528901"
"DBPedia_4393","Forbes_66","0.1851608919766019"
"DBPedia_4588","Forbes_977","0.1321850447040429"
"DBPedia_5047","Forbes_286","0.5512416187999731"
"DBPedia_7591","Forbes_791","0.9978498855916204"
"DBPedia_9468","Forbes_303","0.9994115266673614"
"DBPedia_3037","Forbes_1787","0.9923841781856695"
"DBPedia_264","Forbes_1706","0.17725778262064937"
"DBPedia_3307","Forbes_501","0.7452781731104303"
"DBPedia_8872","Forbes_1960","0.12383846983104958"
"DBPedia_1344","Forbes_948","0.15793921610007922"
"DBPedia_2851","Forbes_844","0.9995593656017062"
"DBPedia_566","Forbes_253","0.16095449582787533"
"DBPedia_1387","Forbes_1935","0.8557332549494361"
"DBPedia_4928","Forbes_437","0.9984932619942779"
"DBPedia_4457","Forbes_927","0.15465018428866495"
"DBPedia_151","Forbes_1151","0.6864157015932564"
"DBPedia_8465","Forbes_681","0.8736644795028857"
"DBPedia_2475","Forbes_27","0.9995396712223833"
"DBPedia_5937","Forbes_1064","0.12830499490987876"
"DBPedia_496","Forbes_1562","0.6404690406631203"
"DBPedia_5937","Forbes_1883","0.13881846736913506"
"DBPedia_1160","Forbes_1926","0.9849854924319529"
"DBPedia_5904","Forbes_76","0.9994891014543497"
"DBPedia_9327","Forbes_920","0.3257699181346056"
"DBPedia_3187","Forbes_1449","0.10107230313551223"
"DBPedia_7730","Forbes_1654","0.3373351614003551"
"DBPedia_450","Forbes_122","0.9989236509772831"
"DBPedia_5867","Forbes_390","0.7925043366432413"
"DBPedia_660","Forbes_617","0.9991731841233575"
"DBPedia_1569","Forbes_1343","0.10000798414888025"
"DBPedia_4108","Forbes_1805","0.9622072316760537"
"DBPedia_10024","Forbes_1027","0.11245721431992146"
"DBPedia_9748","Forbes_754","0.42076389937598657"
"DBPedia_251","Forbes_1784","0.9937662097604946"
"DBPedia_808","Forbes_1039","0.14352930203134673"
"DBPedia_8388","Forbes_1407","0.10046644647118189"
"DBPedia_42","Forbes_481","0.9518962036488755"
"DBPedia_7314","Forbes_550","0.8569651555276677"
"DBPedia_5602","Forbes_140","0.10096826759373126"
"DBPedia_265","Forbes_1231","0.1796715300926212"
"DBPedia_2275","Forbes_1046","0.9996433427158156"
"DBPedia_10119","Forbes_570","0.10948629912690978"
"DBPedia_3514","Forbes_250","0.9926659838471386"
"DBPedia_4888","Forbes_159","0.30953379767764755"
"DBPedia_6785","Forbes_990","0.24031218798638906"
"DBPedia_1779","Forbes_24","0.9927376772167589"
"DBPedia_9277","Forbes_299","0.239056241770049"
"DBPedia_2268","Forbes_808","0.128830275031684"
"DBPedia_6465","Forbes_688","0.5216704933134332"
"DBPedia_4746","Forbes_1465","0.994243551707556"
"DBPedia_1048","Forbes_1401","0.3541648862313028"
"DBPedia_5061","Forbes_1187","0.14993430516137377"
"DBPedia_1710","Forbes_436","0.8941694448139375"
"DBPedia_7095","Forbes_556","0.9864241673880536"
"DBPedia_4921","Forbes_893","0.2532484553916328"
"DBPedia_3145","Forbes_1542","0.9916266539109301"
"DBPedia_3600","Forbes_735","0.12385478901380631"
"DBPedia_896","Forbes_1170","0.992657089836133"
"DBPedia_1344","Forbes_169","0.15670809441374414"
"DBPedia_10386","Forbes_942","0.10254791860332771"
"DBPedia_9733","Forbes_239","0.9934435041672747"
"DBPedia_3314","Forbes_1273","0.39691804287798466"
"DBPedia_973","Forbes_1112","0.9979216032262573"
"DBPedia_6380","Forbes_970","0.5512416187999731"
"DBPedia_6934","Forbes_1980","0.16057655058570114"
"DBPedia_3936","Forbes_1625","0.3037207476527045"
"DBPedia_8517","Forbes_1215","0.21153215883917803"
"DBPedia_2250","Forbes_465","0.9415819114655882"
"DBPedia_7732","Forbes_227","0.999643417795242"
"DBPedia_4395","Forbes_1332","0.3848410198016107"
"DBPedia_5214","Forbes_1640","0.9991844429081587"
"DBPedia_9327","Forbes_1166","0.35488911098212556"
"DBPedia_8722","Forbes_1521","0.1805467042293562"
"DBPedia_6552","Forbes_1437","0.9437068832966382"
"DBPedia_7412","Forbes_1943","0.5883303786966219"
"DBPedia_238","Forbes_1110","0.9985710555442897"
"DBPedia_8329","Forbes_770","0.1463441622945327"
"DBPedia_2996","Forbes_1064","0.12231335046555224"
"DBPedia_8269","Forbes_675","0.9255100312122624"
"DBPedia_7115","Forbes_1287","0.8493912127506793"
"DBPedia_6407","Forbes_1035","0.1038506843378049"
"DBPedia_9310","Forbes_305","0.1307577434591953"
"DBPedia_9808","Forbes_136","0.998680951837353"
"DBPedia_9353","Forbes_948","0.11002503179961937"
"DBPedia_467","Forbes_516","0.999452866212862"
"DBPedia_6585","Forbes_1556","0.9996427659513054"
"DBPedia_3936","Forbes_505","0.10956165793364343"
"DBPedia_9031","Forbes_1801","0.9972581909421042"
"DBPedia_5555","Forbes_973","0.15237235574368543"
"DBPedia_5028","Forbes_1360","0.9908625096902338"
"DBPedia_7794","Forbes_800","0.9884653798122512"
"DBPedia_7361","Forbes_320","0.9988933862843032"
"DBPedia_10108","Forbes_713","0.9995094132567539"
"DBPedia_3727","Forbes_800","0.16810898525711368"
"DBPedia_9331","Forbes_1395","0.12635773021202656"
"DBPedia_4378","Forbes_367","0.9994491017084897"
"DBPedia_8953","Forbes_1174","0.9992159321606476"
"DBPedia_385","Forbes_922","0.2241324708920647"
"DBPedia_5499","Forbes_1440","0.6315980712368934"
"DBPedia_3037","Forbes_808","0.22128761309934322"
"DBPedia_5115","Forbes_1239","0.9993415732596425"
"DBPedia_3734","Forbes_1942","0.24781122851747786"
"DBPedia_10068","Forbes_1535","0.9981437874833243"
"DBPedia_36","Forbes_742","0.9973392856645313"
"DBPedia_3510","Forbes_1488","0.9994894756093492"
"DBPedia_6008","Forbes_1865","0.9811575123413981"
"DBPedia_2694","Forbes_143","0.9881665234915744"
"DBPedia_7759","Forbes_908","0.14369145495223007"
"DBPedia_5370","Forbes_1857","0.9997192376062415"
"DBPedia_4752","Forbes_1546","0.9622072316760537"
"DBPedia_3440","Forbes_1700","0.9953715113151151"
"DBPedia_9387","Forbes_432","0.9929887074556286"
"DBPedia_2344","Forbes_973","0.9910807687103731"
"DBPedia_10653","Forbes_1614","0.84571265084205"
"DBPedia_1359","Forbes_1766","0.999716077798575"
"DBPedia_1810","Forbes_806","0.26106234680914187"
"DBPedia_5790","Forbes_1085","0.12922010075266394"
"DBPedia_5037","Forbes_417","0.16213763091134537"
"DBPedia_9583","Forbes_1230","0.43166264649008257"
"DBPedia_6588","Forbes_576","0.9942489613241573"
"DBPedia_3513","Forbes_605","0.19406228237244325"
"DBPedia_1151","Forbes_1012","0.9990238685108501"
"DBPedia_9279","Forbes_328","0.23177412425718286"
"DBPedia_2603","Forbes_1395","0.10712496999759166"
"DBPedia_8202","Forbes_878","0.9952885312930934"
"DBPedia_2119","Forbes_345","0.9622072316760537"
"DBPedia_4902","Forbes_739","0.945367811851671"
"DBPedia_849","Forbes_506","0.9994354331532836"
"DBPedia_6570","Forbes_920","0.387532849250056"
"DBPedia_1603","Forbes_1383","0.24353957837802115"
"DBPedia_1599","Forbes_102","0.9924585503518013"
"DBPedia_672","Forbes_216","0.30585578294211907"
"DBPedia_1399","Forbes_1928","0.9985102577298032"
"DBPedia_9825","Forbes_1130","0.2452255061281013"
"DBPedia_4207","Forbes_1855","0.9623679954615718"
"DBPedia_9869","Forbes_1910","0.10248381164704419"
"DBPedia_1195","Forbes_458","0.17003981948051122"
"DBPedia_7721","Forbes_9","0.9994091885100984"
"DBPedia_2737","Forbes_1145","0.22440759767509633"
"DBPedia_10434","Forbes_1014","0.29545405048049744"
"DBPedia_2703","Forbes_1076","0.9996870363354413"
"DBPedia_9286","Forbes_25","0.999190506436566"
"DBPedia_8931","Forbes_453","0.9722131544234418"
"DBPedia_458","Forbes_1175","0.9993776388851565"
"DBPedia_9869","Forbes_1449","0.29575415112738707"
"DBPedia_2853","Forbes_301","0.9948202199678196"
"DBPedia_6212","Forbes_1265","0.24799752098144373"
"DBPedia_1298","Forbes_1126","0.15063339275110366"
"DBPedia_4478","Forbes_1741","0.9800098113504123"
"DBPedia_9511","Forbes_113","0.994245886412924"
"DBPedia_6570","Forbes_1166","0.12849896057198473"
"DBPedia_657","Forbes_5","0.8969183137834047"
"DBPedia_6570","Forbes_876","0.12761571582526962"
"DBPedia_7386","Forbes_1599","0.9809680297529659"
"DBPedia_4218","Forbes_1032","0.21935046990142107"
"DBPedia_4927","Forbes_1353","0.13820630022353078"
"DBPedia_1577","Forbes_1545","0.16883924582282514"
"DBPedia_9498","Forbes_411","0.9986382372181781"
"DBPedia_6253","Forbes_1816","0.12383250802436971"
"DBPedia_9869","Forbes_828","0.22418917754629178"
"DBPedia_4382","Forbes_441","0.9997206817991866"
"DBPedia_7731","Forbes_990","0.1713147438132182"
"DBPedia_4572","Forbes_922","0.9995593656017062"
"DBPedia_4773","Forbes_1255","0.9191238350052301"
"DBPedia_5561","Forbes_1451","0.9994517489239226"
"DBPedia_4104","Forbes_808","0.987594680212191"
"DBPedia_5371","Forbes_1395","0.22393116762096948"
"DBPedia_1320","Forbes_901","0.10545467898230593"
"DBPedia_6130","Forbes_307","0.9978994877214832"
"DBPedia_5110","Forbes_839","0.9990984193620189"
"DBPedia_9469","Forbes_79","0.998906304027757"
"DBPedia_7488","Forbes_890","0.8876192472563793"
"DBPedia_9827","Forbes_719","0.5512416187999731"
"DBPedia_6570","Forbes_458","0.16255435199782606"
"DBPedia_1822","Forbes_1571","0.9839628761415996"
"DBPedia_8545","Forbes_339","0.581563497161305"
"DBPedia_6940","Forbes_1561","0.9988192808009903"
"DBPedia_3569","Forbes_1787","0.10723251604462732"
"DBPedia_3881","Forbes_487","0.3040126905266418"
"DBPedia_495","Forbes_1878","0.18877115811756653"
"DBPedia_162","Forbes_862","0.6008614444332798"
"DBPedia_9631","Forbes_640","0.9669801871115244"
"DBPedia_5412","Forbes_541","0.9999999235081293"
"DBPedia_8560","Forbes_920","0.19575063764178258"
"DBPedia_2661","Forbes_20","0.5972313805386079"
"DBPedia_4218","Forbes_1625","0.10763067380248052"
"DBPedia_8747","Forbes_80","0.9981434456849477"
"DBPedia_3342","Forbes_875","0.9996241743750075"
"DBPedia_8460","Forbes_216","0.9941419771493192"
"DBPedia_3577","Forbes_500","0.16213763091134537"
"DBPedia_861","Forbes_314","0.999137429387414"
"DBPedia_7551","Forbes_1325","0.3104516286451359"
"DBPedia_8715","Forbes_90","0.9967500727353248"
"DBPedia_4570","Forbes_223","0.9205611289771632"
"DBPedia_5584","Forbes_88","0.999658240406801"
"DBPedia_8196","Forbes_1953","0.9995147123495173"
"DBPedia_10559","Forbes_1203","0.9989900405856511"
"DBPedia_6407","Forbes_736","0.12049568868834269"
"DBPedia_248","Forbes_405","0.14942877280108377"
"DBPedia_10119","Forbes_1166","0.156190286903431"
"DBPedia_5757","Forbes_1450","0.9997202479885174"
"DBPedia_3740","Forbes_269","0.11000914532454181"
"DBPedia_2327","Forbes_263","0.1097488139110067"
"DBPedia_7752","Forbes_67","0.9997189780097588"
"DBPedia_5937","Forbes_1360","0.5733668721489511"
"DBPedia_4572","Forbes_1428","0.15194127588598808"
"DBPedia_9189","Forbes_524","0.9991305504117499"
"DBPedia_1355","Forbes_1622","0.513424003044973"
"DBPedia_1613","Forbes_502","0.9662453662858127"
"DBPedia_7569","Forbes_1928","0.11950727236200402"
"DBPedia_2473","Forbes_1479","0.9997137648557372"
"DBPedia_8986","Forbes_1410","0.24945971700235633"
"DBPedia_5856","Forbes_1262","0.11130614227686249"
"DBPedia_1515","Forbes_1817","0.3089698396330638"
"DBPedia_7746","Forbes_1051","0.1650358456856683"
"DBPedia_6377","Forbes_369","0.9989362581350122"
"DBPedia_6943","Forbes_986","0.9863746427652268"
"DBPedia_1520","Forbes_1589","0.29204097371295124"
"DBPedia_4604","Forbes_1936","0.9997180230993042"
"DBPedia_4343","Forbes_74","0.9997210030382899"
"DBPedia_4294","Forbes_833","0.6847115149504718"
"DBPedia_10119","Forbes_458","0.14767013686906166"
"DBPedia_3650","Forbes_1344","0.9701555148874561"
"DBPedia_3704","Forbes_1422","0.17648248386674922"
"DBPedia_5999","Forbes_495","0.15387124151063908"
"DBPedia_2659","Forbes_1241","0.9425317224197254"
"DBPedia_4925","Forbes_1200","0.9996680226694162"
"DBPedia_8857","Forbes_860","0.4374573592944214"
"DBPedia_7953","Forbes_1691","0.9979948727197918"
"DBPedia_7365","Forbes_659","0.9997185042626991"
"DBPedia_3933","Forbes_332","0.9626469721417429"
"DBPedia_1021","Forbes_780","0.10759444750273894"
"DBPedia_3334","Forbes_699","0.9740876401680594"
"DBPedia_566","Forbes_976","0.1681778294206948"
"DBPedia_8078","Forbes_459","0.9994885646433277"
"DBPedia_5937","Forbes_1464","0.19631764469343868"
"DBPedia_4789","Forbes_1781","0.8029062181210591"
"DBPedia_5937","Forbes_1327","0.3204289587002476"
"DBPedia_10266","Forbes_1300","0.9991222046240485"
"DBPedia_2268","Forbes_1787","0.12874659036286726"
"DBPedia_8560","Forbes_458","0.11758688365604024"
"DBPedia_2690","Forbes_990","0.20959197214136283"
"DBPedia_4109","Forbes_546","0.49023934246012013"
"DBPedia_10590","Forbes_287","0.98582776365295"
"DBPedia_8545","Forbes_271","0.9919298899358632"
"DBPedia_7380","Forbes_86","0.9898294522953054"
"DBPedia_8993","Forbes_333","0.9911426505075959"
"DBPedia_8722","Forbes_1296","0.1568568059282622"
"DBPedia_3959","Forbes_1824","0.10749762210205034"
"DBPedia_3664","Forbes_1902","0.8156486712201624"
"DBPedia_8460","Forbes_343","0.11787686362793665"
"DBPedia_9653","Forbes_1925","0.9997203288399494"
"DBPedia_5113","Forbes_1311","0.9996445530326578"
"DBPedia_3892","Forbes_1558","0.5516537892470025"
"DBPedia_4702","Forbes_1234","0.1333982007460935"
"DBPedia_3936","Forbes_302","0.10574599802776107"
"DBPedia_5623","Forbes_955","0.990118424429668"
"DBPedia_3171","Forbes_579","0.9956883973297956"
"DBPedia_1168","Forbes_1476","0.10415032830553966"
"DBPedia_7530","Forbes_650","0.9994464585469738"
"DBPedia_9227","Forbes_589","0.9997187376476976"
"DBPedia_1991","Forbes_446","0.9997210030382899"
"DBPedia_3310","Forbes_481","0.9958894993452396"
"DBPedia_6384","Forbes_1035","0.14853743966332766"
"DBPedia_6574","Forbes_1868","0.1471940041068504"
"DBPedia_3706","Forbes_1296","0.34238411866467255"
"DBPedia_1579","Forbes_800","0.10550782179016346"
"DBPedia_6264","Forbes_828","0.9918645645318207"
"DBPedia_665","Forbes_1628","0.13778243801675397"
"DBPedia_8319","Forbes_1590","0.14824512929709527"
"DBPedia_2682","Forbes_331","0.9992990140504906"
"DBPedia_1655","Forbes_1781","0.12377235295103049"
"DBPedia_6683","Forbes_1796","0.27511138439628285"
"DBPedia_6386","Forbes_680","0.9996438266584808"
"DBPedia_6845","Forbes_263","0.18017872021376943"
"DBPedia_7391","Forbes_967","0.9996216192890833"
"DBPedia_6746","Forbes_843","0.9997207088877649"
"DBPedia_5399","Forbes_1475","0.9997186534045079"
"DBPedia_956","Forbes_1294","0.20335828602745576"
"DBPedia_5376","Forbes_133","0.10915603705417119"
"DBPedia_10119","Forbes_920","0.3187626248660364"
"DBPedia_5209","Forbes_896","0.21872290801311747"
"DBPedia_2269","Forbes_299","0.9991271241988198"
"DBPedia_38","Forbes_1054","0.9964370167474808"
"DBPedia_8714","Forbes_35","0.9906345148200563"
"DBPedia_3043","Forbes_1195","0.9806276325952044"
"DBPedia_9937","Forbes_533","0.9522285035576747"
"DBPedia_4617","Forbes_1951","0.12518631898907204"
"DBPedia_5393","Forbes_1166","0.9999999999964324"
"DBPedia_5","Forbes_328","0.9981233313603155"
"DBPedia_9457","Forbes_1540","0.9622072316760537"
"DBPedia_9825","Forbes_302","0.9956140105953908"
"DBPedia_9838","Forbes_734","0.177666722752954"
"DBPedia_7108","Forbes_1485","0.9988780926269483"
"DBPedia_9468","Forbes_405","0.24430734441360977"
"DBPedia_1695","Forbes_864","0.9954039246933318"
"DBPedia_2067","Forbes_1176","0.12363079889032466"
"DBPedia_7224","Forbes_1910","0.21205300360718793"
"DBPedia_4406","Forbes_677","0.9994836081883259"
"DBPedia_4387","Forbes_1503","0.927059646022695"
"DBPedia_9391","Forbes_1101","0.9745744035888165"
"DBPedia_6175","Forbes_553","0.995632964682212"
"DBPedia_5083","Forbes_246","0.8114807657279729"
"DBPedia_7169","Forbes_1635","0.5512416187999731"
"DBPedia_5937","Forbes_886","0.9487669595113599"
"DBPedia_480","Forbes_1853","0.9965741696108276"
"DBPedia_4405","Forbes_1285","0.9920710410439194"
"DBPedia_8361","Forbes_489","0.9960155740351518"
"DBPedia_1569","Forbes_1106","0.9033313618136045"
"DBPedia_5390","Forbes_1920","0.1161407420241297"
"DBPedia_5745","Forbes_1916","0.23350166660126187"
"DBPedia_433","Forbes_528","0.20759305242161705"
"DBPedia_8276","Forbes_1019","0.5777888477117535"
"DBPedia_5857","Forbes_179","0.525791102769942"
"DBPedia_353","Forbes_1110","0.11578452527861864"
"DBPedia_2506","Forbes_1813","0.7825014487468325"
"DBPedia_1636","Forbes_245","0.37842847642139976"
"DBPedia_7759","Forbes_1232","0.2878880096258657"
"DBPedia_8351","Forbes_960","0.9433484241051212"
"DBPedia_2473","Forbes_776","0.19400946282116205"
"DBPedia_566","Forbes_1051","0.1825604421935192"
"DBPedia_2543","Forbes_1755","0.25401019614143044"
"DBPedia_5912","Forbes_746","0.9796174637868752"
"DBPedia_9748","Forbes_1410","0.10591272409008907"
"DBPedia_2840","Forbes_1545","0.2874516410787992"
"DBPedia_3303","Forbes_43","0.9994338001434869"
"DBPedia_226","Forbes_144","0.19960329767041288"
"DBPedia_8093","Forbes_1534","0.10392863192845923"
"DBPedia_8465","Forbes_524","0.1091089604251502"
"DBPedia_1362","Forbes_1511","0.36474027070246723"
"DBPedia_4590","Forbes_162","0.998575943177877"
"DBPedia_5754","Forbes_1018","0.7187577280703605"
"DBPedia_5579","Forbes_324","0.9995453234744345"
"DBPedia_5937","Forbes_806","0.4484872401682613"
"DBPedia_969","Forbes_281","0.9987050567179897"
"DBPedia_3690","Forbes_1161","0.18695608768521582"
"DBPedia_1725","Forbes_1502","0.29975342811437655"
"DBPedia_8458","Forbes_201","0.9013578219863764"
"DBPedia_2604","Forbes_1587","0.1179458650569262"
"DBPedia_4749","Forbes_23","0.9926643987397333"
"DBPedia_6224","Forbes_484","0.9991755969454641"
"DBPedia_9327","Forbes_1395","0.9760046363175657"
"DBPedia_10660","Forbes_741","0.11182944075609684"
"DBPedia_5965","Forbes_609","0.9570835585588248"
"DBPedia_8382","Forbes_1248","0.15067173850471136"
"DBPedia_2289","Forbes_1270","0.9916840944359425"
"DBPedia_4131","Forbes_957","0.9945713402112379"
"DBPedia_7731","Forbes_1916","0.19735714376266694"
"DBPedia_8052","Forbes_403","0.9976499126388395"
"DBPedia_6570","Forbes_585","0.46289935893303985"
"DBPedia_8535","Forbes_812","0.9995513849076642"
"DBPedia_8633","Forbes_628","0.21995741659637724"
"DBPedia_8931","Forbes_1954","0.18092835196851093"
"DBPedia_5556","Forbes_111","0.19343014512483128"
"DBPedia_3331","Forbes_65","0.1229950914067866"
"DBPedia_10626","Forbes_1510","0.9941644762725197"
"DBPedia_8771","Forbes_1638","0.1888348862345578"
"DBPedia_10434","Forbes_1165","0.11313795784747789"
"DBPedia_5067","Forbes_1385","0.49023934246012013"
"DBPedia_1794","Forbes_1950","0.9996837023451219"
"DBPedia_8868","Forbes_625","0.9990370304982135"
"DBPedia_1159","Forbes_139","0.12648720327579896"
"DBPedia_5790","Forbes_1217","0.2057771892918679"
"DBPedia_1214","Forbes_926","0.10685353622871571"
"DBPedia_8969","Forbes_1138","0.5632357948388461"
"DBPedia_10434","Forbes_1179","0.9996462400079311"
"DBPedia_7553","Forbes_818","0.8743356671020023"
"DBPedia_7204","Forbes_12","0.9994034097723427"
"DBPedia_1395","Forbes_337","0.6567609419864922"
"DBPedia_4061","Forbes_894","0.13416047894637012"
"DBPedia_3455","Forbes_569","0.10554270633020514"
"DBPedia_2295","Forbes_1166","0.9349248020954835"
"DBPedia_9035","Forbes_17","0.7441415688364922"
"DBPedia_38","Forbes_1505","0.114390618792358"
"DBPedia_10660","Forbes_241","0.9162827114550772"
"DBPedia_9808","Forbes_98","0.19434045601057368"
"DBPedia_8204","Forbes_1769","0.996780705024831"
"DBPedia_7497","Forbes_1528","0.9884352056721342"
"DBPedia_2276","Forbes_57","0.30008021871084906"
"DBPedia_7255","Forbes_1366","0.8033688996868859"
"DBPedia_424","Forbes_13","0.7063001635935692"
"DBPedia_6940","Forbes_1048","0.10207665087404541"
"DBPedia_5555","Forbes_284","0.13901861447379155"
"DBPedia_146","Forbes_1412","0.9918901998908365"
"DBPedia_3045","Forbes_1623","0.9983415853054158"
"DBPedia_5395","Forbes_1992","0.9739759807245216"
"DBPedia_3329","Forbes_57","0.1733290702674403"
"DBPedia_9334","Forbes_1025","0.9937755784398052"
"DBPedia_2918","Forbes_1243","0.9704284732566021"
"DBPedia_5779","Forbes_908","0.1314142117322565"
"DBPedia_2458","Forbes_977","0.9770164907833147"
"DBPedia_10119","Forbes_585","0.9997204260038756"
"DBPedia_3349","Forbes_534","0.9997210030382899"
"DBPedia_5376","Forbes_528","0.17511304033608507"
"DBPedia_10108","Forbes_405","0.3070394628884081"
"DBPedia_8532","Forbes_1389","0.994216174133052"
"DBPedia_1841","Forbes_1478","0.848436922412641"
"DBPedia_10385","Forbes_1296","0.1113312601968329"
"DBPedia_9748","Forbes_723","0.22878138592643796"
"DBPedia_4414","Forbes_1476","0.20214556016120494"
"DBPedia_1784","Forbes_1884","0.9994339761524901"
"DBPedia_1810","Forbes_1327","0.17793809301769364"
"DBPedia_7101","Forbes_235","0.999268159331176"
"DBPedia_469","Forbes_549","0.9994418392057545"
"DBPedia_2249","Forbes_291","0.13314644785743618"
"DBPedia_4203","Forbes_291","0.9996920519662136"
"DBPedia_7364","Forbes_85","0.9987162420843189"
"DBPedia_9520","Forbes_1671","0.1519117927605566"
"DBPedia_48","Forbes_998","0.5528218773151115"
"DBPedia_10177","Forbes_1912","0.22351579513236927"
"DBPedia_3538","Forbes_363","0.999063203245969"
"DBPedia_2712","Forbes_1308","0.11439569110524189"
"DBPedia_5397","Forbes_1682","0.14673729899714258"
"DBPedia_7556","Forbes_657","0.9996250269437023"
"DBPedia_6096","Forbes_1219","0.18995021171506948"
"DBPedia_7875","Forbes_163","0.9993719957814992"
"DBPedia_223","Forbes_454","0.9553510505090275"
"DBPedia_6933","Forbes_1226","0.9842949997210722"
"DBPedia_3049","Forbes_1239","0.1158586540602043"
"DBPedia_4414","Forbes_1054","0.16188387012930402"
"DBPedia_1587","Forbes_1043","0.47575212768444985"
"DBPedia_5388","Forbes_265","0.9622483292910324"
"DBPedia_4976","Forbes_1074","0.1701542957794246"
"DBPedia_1786","Forbes_1219","0.10208432940579704"
"DBPedia_1603","Forbes_715","0.9832027311760081"
"DBPedia_7908","Forbes_671","0.14344489688254533"
"DBPedia_8956","Forbes_1313","0.10199976478469523"
"DBPedia_5787","Forbes_535","0.9986692311305055"
"DBPedia_4387","Forbes_1682","0.20560522470093096"
"DBPedia_5114","Forbes_1160","0.25711864474501445"
"DBPedia_2196","Forbes_517","0.10996545716613894"
"DBPedia_1356","Forbes_698","0.9942333274146536"
"DBPedia_4630","Forbes_169","0.2903641050780804"
"DBPedia_9370","Forbes_736","0.5870600581252603"
"DBPedia_6061","Forbes_1883","0.10472289530269921"
"DBPedia_8714","Forbes_203","0.11966296689518693"
"DBPedia_7666","Forbes_570","0.1370137487512267"
"DBPedia_1581","Forbes_1422","0.2095223109816468"
"DBPedia_8735","Forbes_1664","0.11384051631713597"
"DBPedia_6375","Forbes_562","0.9994372533503235"
"DBPedia_6391","Forbes_1035","0.9992134533393701"
"DBPedia_3931","Forbes_338","0.9983953268889013"
"DBPedia_3915","Forbes_157","0.9924055378455363"
"DBPedia_9237","Forbes_1319","0.1108084720644787"
"DBPedia_2676","Forbes_33","0.969903516525858"
"DBPedia_2873","Forbes_1757","0.1964138438575999"
"DBPedia_7481","Forbes_86","0.11663062118250711"
"DBPedia_2677","Forbes_1069","0.9996342034130242"
"DBPedia_8707","Forbes_155","0.9791036883652605"
"DBPedia_6594","Forbes_172","0.9937288523043243"
"DBPedia_4516","Forbes_1407","0.21757081495688615"
"DBPedia_4113","Forbes_290","0.9994400834929894"
"DBPedia_736","Forbes_1687","0.9746301168646782"
"DBPedia_9442","Forbes_240","0.7028669257349368"
"DBPedia_5678","Forbes_514","0.5512416187999731"
"DBPedia_3723","Forbes_1154","0.9522285035576747"
"DBPedia_10475","Forbes_304","0.9592107617977681"
"DBPedia_1714","Forbes_1001","0.1364054975781328"
"DBPedia_471","Forbes_371","0.9622072316760537"
"DBPedia_3813","Forbes_1776","0.16213763091134537"
"DBPedia_5109","Forbes_557","0.3376104800822314"
"DBPedia_1776","Forbes_1777","0.9744541768124793"
"DBPedia_10437","Forbes_1415","0.9622072316760537"
"DBPedia_6761","Forbes_210","0.9966465276507367"
"DBPedia_6230","Forbes_734","0.9874748543530961"
"DBPedia_9584","Forbes_1764","0.9997202383632942"
"DBPedia_5309","Forbes_1693","0.10743584271915793"
"DBPedia_9310","Forbes_635","0.11621703661548531"
"DBPedia_7677","Forbes_898","0.9632426438831767"
"DBPedia_1305","Forbes_1273","0.12962196251402844"
"DBPedia_1024","Forbes_299","0.13663282279357075"
"DBPedia_7545","Forbes_78","0.9990650679002447"
"DBPedia_2690","Forbes_1916","0.1350877570102925"
"DBPedia_2702","Forbes_18","0.9927945183321594"
