"DBPedia_4131","Forbes_957","0.999960704985897"
"DBPedia_216","Forbes_1315","0.9999947257163975"
"DBPedia_4109","Forbes_546","0.9090178618281024"
"DBPedia_5108","Forbes_1441","0.9090178618281024"
"DBPedia_2899","Forbes_1625","0.9090178618281024"
"DBPedia_10590","Forbes_287","0.9998172252033096"
"DBPedia_3469","Forbes_1822","0.9998172252033096"
"DBPedia_1695","Forbes_864","0.9999947257163975"
"DBPedia_3051","Forbes_1515","0.9999947257163975"
"DBPedia_4009","Forbes_435","0.9999947257163975"
"DBPedia_657","Forbes_5","0.9998172252033096"
"DBPedia_10266","Forbes_1300","0.9999947257163975"
"DBPedia_9617","Forbes_602","0.9999714173774813"
"DBPedia_1352","Forbes_1375","0.9999947257163975"
"DBPedia_848","Forbes_1444","0.9998172252033096"
"DBPedia_4577","Forbes_1717","0.9998802091017492"
"DBPedia_8472","Forbes_1530","0.9090178618281024"
"DBPedia_1151","Forbes_1012","0.9999947257163975"
"DBPedia_2625","Forbes_605","0.9999947257163975"
"DBPedia_8088","Forbes_612","0.9999714173774813"
"DBPedia_1841","Forbes_1478","0.9986398295856426"
"DBPedia_4748","Forbes_545","0.9971206034078415"
"DBPedia_5428","Forbes_1725","0.9971206034078415"
"DBPedia_5214","Forbes_1640","0.9999947257163975"
"DBPedia_3931","Forbes_338","0.9998802091017492"
"DBPedia_7829","Forbes_1229","0.9999714173774813"
"DBPedia_1134","Forbes_581","0.9971206034078415"
"DBPedia_4891","Forbes_1225","0.9998172252033096"
"DBPedia_5579","Forbes_324","0.9999947257163975"
"DBPedia_1367","Forbes_156","0.999960704985897"
"DBPedia_3905","Forbes_471","0.9999947257163975"
"DBPedia_8712","Forbes_319","0.9999947257163975"
"DBPedia_9113","Forbes_1408","0.9998172252033096"
"DBPedia_2878","Forbes_931","0.9999947257163975"
"DBPedia_4387","Forbes_1503","0.7885659071804771"
"DBPedia_6746","Forbes_843","0.9999714173774813"
"DBPedia_434","Forbes_702","0.9999947257163975"
"DBPedia_9391","Forbes_1101","0.9998172252033096"
"DBPedia_4393","Forbes_176","0.9998172252033096"
"DBPedia_5105","Forbes_202","0.9999947257163975"
"DBPedia_5984","Forbes_642","0.9999947257163975"
"DBPedia_5278","Forbes_1374","0.9998172252033096"
"DBPedia_7747","Forbes_832","0.9998172252033096"
"DBPedia_8331","Forbes_1892","0.9999947257163975"
"DBPedia_1558","Forbes_182","0.9998802091017492"
"DBPedia_872","Forbes_56","0.9090178618281024"
"DBPedia_6230","Forbes_734","0.9998802091017492"
"DBPedia_3030","Forbes_596","0.9999947257163975"
"DBPedia_2269","Forbes_299","0.9999714173774813"
"DBPedia_9618","Forbes_963","0.9990102753926106"
"DBPedia_4752","Forbes_1546","0.9971206034078415"
"DBPedia_2506","Forbes_1813","0.26196833177947143"
"DBPedia_2881","Forbes_1212","0.9998172252033096"
"DBPedia_5748","Forbes_1782","0.9999947257163975"
"DBPedia_651","Forbes_691","0.9999947257163975"
"DBPedia_9583","Forbes_1043","0.9999714173774813"
"DBPedia_10549","Forbes_1039","0.9090178618281024"
"DBPedia_6385","Forbes_525","0.9990102753926106"
"DBPedia_5032","Forbes_592","0.9971206034078415"
"DBPedia_1810","Forbes_806","0.8486457731384593"
"DBPedia_5585","Forbes_222","0.9990102753926106"
"DBPedia_906","Forbes_1660","0.999960704985897"
"DBPedia_849","Forbes_506","0.9999714173774813"
"DBPedia_4478","Forbes_1741","0.9998802091017492"
"DBPedia_3546","Forbes_1504","0.9999714173774813"
"DBPedia_9035","Forbes_17","0.26196833177947143"
"DBPedia_4746","Forbes_1465","0.9990102753926106"
"DBPedia_4207","Forbes_1855","0.9971206034078415"
"DBPedia_896","Forbes_1170","0.9999947257163975"
"DBPedia_10260","Forbes_292","0.26196833177947143"
"DBPedia_7108","Forbes_1485","0.9999947257163975"
"DBPedia_4396","Forbes_1100","0.9999714173774813"
"DBPedia_7558","Forbes_709","0.9999714173774813"
"DBPedia_7255","Forbes_1366","0.9998172252033096"
"DBPedia_5745","Forbes_1068","0.9999714173774813"
"DBPedia_10081","Forbes_1928","0.4294072664262576"
"DBPedia_8194","Forbes_1835","0.9998172252033096"
"DBPedia_10451","Forbes_748","0.9971206034078415"
"DBPedia_9083","Forbes_1574","0.9999947257163975"
"DBPedia_6391","Forbes_1035","0.9999947257163975"
"DBPedia_424","Forbes_13","0.9986398295856426"
"DBPedia_4425","Forbes_1651","0.9986398295856426"
"DBPedia_4749","Forbes_23","0.9990102753926106"
"DBPedia_9681","Forbes_620","0.9999947257163975"
"DBPedia_3067","Forbes_723","0.9998172252033096"
"DBPedia_9038","Forbes_392","0.9999947257163975"
"DBPedia_450","Forbes_122","0.9999947257163975"
"DBPedia_2707","Forbes_522","0.9999714173774813"
"DBPedia_1807","Forbes_195","0.9999947257163975"
"DBPedia_2661","Forbes_20","0.9090178618281024"
"DBPedia_5374","Forbes_1269","0.9999947257163975"
"DBPedia_8866","Forbes_1571","0.4294072664262576"
"DBPedia_8631","Forbes_1706","0.9998172252033096"
"DBPedia_6487","Forbes_795","0.9990102753926106"
"DBPedia_2473","Forbes_1479","0.9999714173774813"
"DBPedia_2515","Forbes_1590","0.9090178618281024"
"DBPedia_1603","Forbes_715","0.9998172252033096"
"DBPedia_1613","Forbes_502","0.9998172252033096"
"DBPedia_3047","Forbes_854","0.26196833177947143"
"DBPedia_6377","Forbes_369","0.9999714173774813"
"DBPedia_6943","Forbes_986","0.9998172252033096"
"DBPedia_2275","Forbes_1046","0.9999714173774813"
"DBPedia_3334","Forbes_699","0.9652628745667429"
"DBPedia_8030","Forbes_308","0.9998172252033096"
"DBPedia_1842","Forbes_1040","0.9090178618281024"
"DBPedia_3706","Forbes_1976","0.4294072664262576"
"DBPedia_974","Forbes_938","0.9999714173774813"
"DBPedia_5370","Forbes_1857","0.9999714173774813"
"DBPedia_2777","Forbes_1666","0.9999947257163975"
"DBPedia_5747","Forbes_50","0.9998172252033096"
"DBPedia_10559","Forbes_1203","0.9999947257163975"
"DBPedia_8380","Forbes_927","0.9990102753926106"
"DBPedia_8352","Forbes_493","0.9990102753926106"
"DBPedia_7530","Forbes_650","0.9999947257163975"
"DBPedia_6408","Forbes_813","0.9999947257163975"
"DBPedia_4747","Forbes_420","0.9971206034078415"
"DBPedia_10385","Forbes_942","0.9999947257163975"
"DBPedia_5167","Forbes_366","0.9090178618281024"
"DBPedia_5209","Forbes_1267","0.9999714173774813"
"DBPedia_471","Forbes_371","0.9971206034078415"
"DBPedia_7366","Forbes_145","0.9971206034078415"
"DBPedia_251","Forbes_1784","0.9998172252033096"
"DBPedia_7271","Forbes_639","0.9999947257163975"
"DBPedia_6130","Forbes_307","0.999960704985897"
"DBPedia_10068","Forbes_1535","0.9999947257163975"
"DBPedia_6128","Forbes_215","0.9999714173774813"
"DBPedia_6439","Forbes_1500","0.9999714173774813"
"DBPedia_6564","Forbes_1102","0.9998172252033096"
"DBPedia_2540","Forbes_1447","0.9998172252033096"
"DBPedia_2278","Forbes_1516","0.9999714173774813"
"DBPedia_10158","Forbes_765","0.9971206034078415"
"DBPedia_701","Forbes_555","0.9971206034078415"
"DBPedia_1149","Forbes_478","0.9999714173774813"
"DBPedia_480","Forbes_1853","0.9999947257163975"
"DBPedia_6796","Forbes_1732","0.9971206034078415"
"DBPedia_3043","Forbes_1195","0.9090178618281024"
"DBPedia_2341","Forbes_431","0.9999714173774813"
"DBPedia_4457","Forbes_149","0.8486457731384593"
"DBPedia_1147","Forbes_234","0.9999947257163975"
"DBPedia_2274","Forbes_112","0.9999947257163975"
"DBPedia_4910","Forbes_1586","0.9999947257163975"
"DBPedia_245","Forbes_1712","0.9090178618281024"
"DBPedia_1784","Forbes_1884","0.9999947257163975"
"DBPedia_9692","Forbes_1142","0.9999714173774813"
"DBPedia_7384","Forbes_855","0.9999947257163975"
"DBPedia_7412","Forbes_1943","0.9090178618281024"
"DBPedia_2344","Forbes_973","0.9999947257163975"
"DBPedia_2951","Forbes_1187","0.9998172252033096"
"DBPedia_4294","Forbes_833","0.9630777407889312"
"DBPedia_642","Forbes_15","0.9990102753926106"
"DBPedia_10437","Forbes_1415","0.9971206034078415"
"DBPedia_5584","Forbes_88","0.9999947257163975"
"DBPedia_7194","Forbes_631","0.9990102753926106"
"DBPedia_8033","Forbes_915","0.9998172252033096"
"DBPedia_5395","Forbes_1992","0.9998172252033096"
"DBPedia_3736","Forbes_391","0.9999714173774813"
"DBPedia_8638","Forbes_374","0.9090178618281024"
"DBPedia_8986","Forbes_754","0.9948807164069463"
"DBPedia_4906","Forbes_296","0.9090178618281024"
"DBPedia_8360","Forbes_1457","0.9971206034078415"
"DBPedia_5083","Forbes_246","0.4294072664262576"
"DBPedia_3032","Forbes_257","0.9986398295856426"
"DBPedia_5904","Forbes_76","0.9999714173774813"
"DBPedia_2115","Forbes_635","0.9090178618281024"
"DBPedia_9735","Forbes_759","0.9986398295856426"
"DBPedia_973","Forbes_1112","0.9998802091017492"
"DBPedia_453","Forbes_39","0.9958647086113449"
"DBPedia_3045","Forbes_1623","0.9999947257163975"
"DBPedia_2701","Forbes_300","0.9990102753926106"
"DBPedia_8628","Forbes_284","0.9998172252033096"
"DBPedia_20","Forbes_573","0.9999947257163975"
"DBPedia_10122","Forbes_1802","0.9990102753926106"
"DBPedia_7380","Forbes_86","0.9998172252033096"
"DBPedia_3328","Forbes_251","0.9948807164069463"
"DBPedia_6751","Forbes_1184","0.9999947257163975"
"DBPedia_4902","Forbes_739","0.9971206034078415"
"DBPedia_6570","Forbes_569","0.9999714173774813"
"DBPedia_467","Forbes_516","0.9999947257163975"
"DBPedia_3321","Forbes_889","0.9090178618281024"
"DBPedia_1708","Forbes_1162","0.9998172252033096"
"DBPedia_3510","Forbes_1488","0.9999714173774813"
"DBPedia_7361","Forbes_320","0.9999947257163975"
"DBPedia_7545","Forbes_78","0.9999947257163975"
"DBPedia_8421","Forbes_1166","0.9999714173774813"
"DBPedia_7488","Forbes_890","0.9998172252033096"
"DBPedia_1682","Forbes_316","0.9999947257163975"
"DBPedia_10380","Forbes_1419","0.9990102753926106"
"DBPedia_8351","Forbes_960","0.9986398295856426"
"DBPedia_958","Forbes_41","0.9090178618281024"
"DBPedia_3144","Forbes_1610","0.9998172252033096"
"DBPedia_2093","Forbes_1007","0.9971206034078415"
"DBPedia_38","Forbes_1054","0.999960704985897"
"DBPedia_7378","Forbes_1128","0.9998172252033096"
"DBPedia_2892","Forbes_1793","0.999960704985897"
"DBPedia_2302","Forbes_1341","0.9971206034078415"
"DBPedia_3740","Forbes_990","0.9998172252033096"
"DBPedia_9263","Forbes_1090","0.9999947257163975"
"DBPedia_5753","Forbes_274","0.9990102753926106"
"DBPedia_238","Forbes_1110","0.999960704985897"
"DBPedia_7794","Forbes_800","0.9999947257163975"
"DBPedia_2572","Forbes_636","0.9652628745667429"
"DBPedia_1779","Forbes_24","0.9999947257163975"
"DBPedia_3822","Forbes_1122","0.5085090610644587"
"DBPedia_2687","Forbes_1363","0.9948807164069463"
"DBPedia_4362","Forbes_941","0.9998172252033096"
"DBPedia_4378","Forbes_367","0.9999947257163975"
"DBPedia_7485","Forbes_1966","0.9998172252033096"
"DBPedia_8866","Forbes_1446","0.9999714173774813"
"DBPedia_468","Forbes_1029","0.9998172252033096"
"DBPedia_4405","Forbes_1285","0.9998172252033096"
"DBPedia_8329","Forbes_1896","0.9971206034078415"
"DBPedia_8931","Forbes_453","0.9998172252033096"
"DBPedia_1160","Forbes_1926","0.9971206034078415"
"DBPedia_3342","Forbes_875","0.9999714173774813"
"DBPedia_6913","Forbes_1303","0.8486457731384593"
"DBPedia_448","Forbes_1840","0.9999947257163975"
"DBPedia_3587","Forbes_584","0.9999947257163975"
"DBPedia_4904","Forbes_175","0.9999947257163975"
"DBPedia_1565","Forbes_1661","0.9998172252033096"
"DBPedia_356","Forbes_873","0.9090178618281024"
"DBPedia_4950","Forbes_1336","0.9090178618281024"
"DBPedia_5757","Forbes_1450","0.9999714173774813"
"DBPedia_5067","Forbes_1385","0.9090178618281024"
"DBPedia_6924","Forbes_1104","0.9998172252033096"
"DBPedia_8381","Forbes_876","0.999960704985897"
"DBPedia_5388","Forbes_265","0.9971206034078415"
"DBPedia_3781","Forbes_1525","0.9090178618281024"
"DBPedia_1990","Forbes_469","0.9999714173774813"
"DBPedia_8747","Forbes_80","0.9999947257163975"
"DBPedia_8993","Forbes_333","0.999960704985897"
"DBPedia_3892","Forbes_1558","0.9090178618281024"
"DBPedia_4909","Forbes_1639","0.9971206034078415"
"DBPedia_8707","Forbes_155","0.9998172252033096"
"DBPedia_9498","Forbes_411","0.9999947257163975"
"DBPedia_10119","Forbes_585","0.9999714173774813"
"DBPedia_10653","Forbes_1614","0.9090178618281024"
"DBPedia_7169","Forbes_1635","0.9090178618281024"
"DBPedia_955","Forbes_51","0.9999714173774813"
"DBPedia_5028","Forbes_1360","0.9999947257163975"
"DBPedia_9119","Forbes_1173","0.9090178618281024"
"DBPedia_4924","Forbes_1009","0.9999947257163975"
"DBPedia_8945","Forbes_1467","0.9998172252033096"
"DBPedia_4928","Forbes_437","0.9999947257163975"
"DBPedia_5366","Forbes_678","0.9999947257163975"
"DBPedia_6631","Forbes_1263","0.9971206034078415"
"DBPedia_648","Forbes_482","0.9971206034078415"
"DBPedia_8691","Forbes_703","0.9990102753926106"
"DBPedia_3037","Forbes_1787","0.9728704915645506"
"DBPedia_8545","Forbes_271","0.9998172252033096"
"DBPedia_567","Forbes_62","0.9958647086113449"
"DBPedia_2864","Forbes_365","0.9090178618281024"
"DBPedia_1399","Forbes_1928","0.9999714173774813"
"DBPedia_5047","Forbes_286","0.9090178618281024"
"DBPedia_2098","Forbes_256","0.9999947257163975"
"DBPedia_10027","Forbes_1842","0.9971206034078415"
"DBPedia_3723","Forbes_1154","0.9971206034078415"
"DBPedia_6933","Forbes_1226","0.9998172252033096"
"DBPedia_17","Forbes_509","0.9999947257163975"
"DBPedia_2800","Forbes_946","0.9998172252033096"
"DBPedia_7755","Forbes_228","0.9999714173774813"
"DBPedia_7905","Forbes_1917","0.999960704985897"
"DBPedia_5867","Forbes_390","0.9090178618281024"
"DBPedia_6212","Forbes_503","0.9999714173774813"
"DBPedia_3074","Forbes_262","0.9090178618281024"
"DBPedia_5206","Forbes_294","0.9999714173774813"
"DBPedia_6940","Forbes_1561","0.999960704985897"
"DBPedia_3881","Forbes_487","0.4294072664262576"
"DBPedia_6380","Forbes_970","0.9090178618281024"
"DBPedia_2703","Forbes_1076","0.9999714173774813"
"DBPedia_3520","Forbes_1021","0.9999947257163975"
"DBPedia_8535","Forbes_812","0.9999947257163975"
"DBPedia_9974","Forbes_1128","0.9999947257163975"
"DBPedia_9730","Forbes_1786","0.9998172252033096"
"DBPedia_9621","Forbes_885","0.999960704985897"
"DBPedia_2851","Forbes_844","0.9999714173774813"
"DBPedia_5010","Forbes_1116","0.9999947257163975"
"DBPedia_8532","Forbes_1389","0.9990102753926106"
"DBPedia_1991","Forbes_446","0.9999714173774813"
"DBPedia_8857","Forbes_860","0.9090178618281024"
"DBPedia_6742","Forbes_341","0.9999714173774813"
"DBPedia_6734","Forbes_1343","0.9986398295856426"
"DBPedia_8276","Forbes_1019","0.9958647086113449"
"DBPedia_8083","Forbes_449","0.9999947257163975"
"DBPedia_8714","Forbes_35","0.9990102753926106"
"DBPedia_7499","Forbes_1027","0.9971206034078415"
"DBPedia_9457","Forbes_1540","0.9971206034078415"
"DBPedia_10626","Forbes_1510","0.9990102753926106"
"DBPedia_9291","Forbes_1460","0.9999947257163975"
"DBPedia_7393","Forbes_22","0.9999947257163975"
"DBPedia_4407","Forbes_1199","0.9986398295856426"
"DBPedia_1373","Forbes_600","0.9999947257163975"
"DBPedia_5398","Forbes_249","0.9999714173774813"
"DBPedia_7093","Forbes_283","0.9971206034078415"
"DBPedia_8805","Forbes_135","0.9990102753926106"
"DBPedia_10192","Forbes_423","0.9999947257163975"
"DBPedia_4780","Forbes_413","0.9998172252033096"
"DBPedia_660","Forbes_617","0.9999947257163975"
"DBPedia_1353","Forbes_486","0.9999947257163975"
"DBPedia_7386","Forbes_1599","0.9971206034078415"
"DBPedia_7551","Forbes_959","0.9999714173774813"
"DBPedia_447","Forbes_354","0.9090178618281024"
"DBPedia_7737","Forbes_1055","0.8486457731384593"
"DBPedia_9586","Forbes_1303","0.9948807164069463"
"DBPedia_2048","Forbes_793","0.9971206034078415"
"DBPedia_9030","Forbes_814","0.9990102753926106"
"DBPedia_9733","Forbes_239","0.999960704985897"
"DBPedia_3915","Forbes_157","0.9998172252033096"
"DBPedia_425","Forbes_910","0.9990102753926106"
"DBPedia_4050","Forbes_1235","0.9998172252033096"
"DBPedia_5561","Forbes_1451","0.9999947257163975"
"DBPedia_3936","Forbes_1032","0.9990102753926106"
"DBPedia_9288","Forbes_1191","0.9090178618281024"
"DBPedia_647","Forbes_364","0.9999714173774813"
"DBPedia_8052","Forbes_403","0.9998802091017492"
"DBPedia_2268","Forbes_267","0.9999714173774813"
"DBPedia_5236","Forbes_447","0.9998802091017492"
"DBPedia_8953","Forbes_1174","0.9999714173774813"
"DBPedia_2676","Forbes_33","0.9971206034078415"
"DBPedia_9334","Forbes_1025","0.9990102753926106"
"DBPedia_1776","Forbes_1777","0.9998172252033096"
"DBPedia_3547","Forbes_750","0.9990102753926106"
"DBPedia_4773","Forbes_1255","0.4294072664262576"
"DBPedia_9631","Forbes_640","0.9971206034078415"
"DBPedia_4921","Forbes_350","0.9990102753926106"
"DBPedia_10279","Forbes_487","0.9998172252033096"
"DBPedia_4337","Forbes_1428","0.9090178618281024"
"DBPedia_10108","Forbes_713","0.9999947257163975"
"DBPedia_5399","Forbes_1475","0.9999714173774813"
"DBPedia_4789","Forbes_1781","0.9986398295856426"
"DBPedia_4590","Forbes_162","0.9999947257163975"
"DBPedia_790","Forbes_834","0.9986398295856426"
"DBPedia_1599","Forbes_102","0.9990102753926106"
"DBPedia_2563","Forbes_1403","0.9971206034078415"
"DBPedia_5050","Forbes_480","0.9998172252033096"
"DBPedia_1351","Forbes_204","0.9971206034078415"
"DBPedia_6552","Forbes_1437","0.9986398295856426"
"DBPedia_9752","Forbes_1529","0.9999947257163975"
"DBPedia_6856","Forbes_655","0.9986398295856426"
"DBPedia_5939","Forbes_462","0.9999714173774813"
"DBPedia_3930","Forbes_1707","0.9998172252033096"
"DBPedia_9189","Forbes_524","0.9999947257163975"
"DBPedia_3933","Forbes_332","0.9971206034078415"
"DBPedia_4031","Forbes_740","0.9971206034078415"
"DBPedia_1710","Forbes_436","0.9998172252033096"
"DBPedia_2801","Forbes_1987","0.9990102753926106"
"DBPedia_10433","Forbes_372","0.9999947257163975"
"DBPedia_9327","Forbes_1395","0.9971206034078415"
"DBPedia_2918","Forbes_1243","0.999960704985897"
"DBPedia_5379","Forbes_125","0.9998172252033096"
"DBPedia_670","Forbes_1429","0.9998172252033096"
"DBPedia_2521","Forbes_1951","0.9971206034078415"
"DBPedia_3727","Forbes_560","0.9999947257163975"
"DBPedia_42","Forbes_481","0.9998172252033096"
"DBPedia_6728","Forbes_537","0.9999714173774813"
"DBPedia_4382","Forbes_441","0.9999714173774813"
"DBPedia_5385","Forbes_801","0.9948807164069463"
"DBPedia_4203","Forbes_291","0.9999714173774813"
"DBPedia_806","Forbes_597","0.999960704985897"
"DBPedia_3554","Forbes_494","0.9971206034078415"
"DBPedia_9830","Forbes_1244","0.9971206034078415"
"DBPedia_2281","Forbes_100","0.9999714173774813"
"DBPedia_2055","Forbes_360","0.9990102753926106"
"DBPedia_226","Forbes_171","0.44497428008047785"
"DBPedia_6825","Forbes_671","0.9986398295856426"
"DBPedia_2677","Forbes_1069","0.9999714173774813"
"DBPedia_247","Forbes_722","0.999960704985897"
"DBPedia_1363","Forbes_695","0.9998172252033096"
"DBPedia_8690","Forbes_583","0.9999714173774813"
"DBPedia_3514","Forbes_250","0.9990102753926106"
"DBPedia_9840","Forbes_667","0.9971206034078415"
"DBPedia_6773","Forbes_1900","0.9999714173774813"
"DBPedia_5210","Forbes_1862","0.9990102753926106"
"DBPedia_427","Forbes_1643","0.9999947257163975"
"DBPedia_223","Forbes_454","0.9971206034078415"
"DBPedia_3303","Forbes_43","0.9999714173774813"
"DBPedia_4049","Forbes_872","0.9090178618281024"
"DBPedia_6594","Forbes_172","0.9990102753926106"
"DBPedia_5061","Forbes_1187","0.4294072664262576"
"DBPedia_5671","Forbes_1010","0.9999714173774813"
"DBPedia_2270","Forbes_128","0.9990102753926106"
"DBPedia_6761","Forbes_210","0.9971206034078415"
"DBPedia_9468","Forbes_303","0.9999947257163975"
"DBPedia_8079","Forbes_425","0.9999947257163975"
"DBPedia_7758","Forbes_203","0.9999947257163975"
"DBPedia_4604","Forbes_1936","0.9999714173774813"
"DBPedia_5925","Forbes_622","0.9990102753926106"
"DBPedia_5250","Forbes_1507","0.9971206034078415"
"DBPedia_5754","Forbes_1383","0.9999714173774813"
"DBPedia_1369","Forbes_1685","0.9971206034078415"
"DBPedia_8540","Forbes_188","0.9999714173774813"
"DBPedia_8361","Forbes_489","0.9999947257163975"
"DBPedia_672","Forbes_492","0.9990102753926106"
"DBPedia_999","Forbes_1073","0.9999947257163975"
"DBPedia_5965","Forbes_609","0.9971206034078415"
"DBPedia_956","Forbes_1373","0.9999947257163975"
"DBPedia_3706","Forbes_778","0.9999947257163975"
"DBPedia_1636","Forbes_245","0.9090178618281024"
"DBPedia_6185","Forbes_1801","0.9990102753926106"
"DBPedia_9286","Forbes_25","0.9999947257163975"
"DBPedia_3704","Forbes_438","0.9999947257163975"
"DBPedia_4403","Forbes_601","0.9999714173774813"
"DBPedia_6144","Forbes_146","0.9090178618281024"
"DBPedia_8536","Forbes_572","0.9999947257163975"
"DBPedia_2735","Forbes_1701","0.9999714173774813"
"DBPedia_4195","Forbes_1937","0.4294072664262576"
"DBPedia_3650","Forbes_1344","0.9990102753926106"
"DBPedia_6264","Forbes_828","0.9999947257163975"
"DBPedia_7497","Forbes_1528","0.9630777407889312"
"DBPedia_9122","Forbes_757","0.9999947257163975"
"DBPedia_4982","Forbes_654","0.9971206034078415"
"DBPedia_9838","Forbes_1196","0.9999947257163975"
"DBPedia_4108","Forbes_1805","0.9971206034078415"
"DBPedia_9188","Forbes_1970","0.9958647086113449"
"DBPedia_1822","Forbes_1571","0.9998172252033096"
"DBPedia_10208","Forbes_731","0.9999947257163975"
"DBPedia_10434","Forbes_1179","0.9999947257163975"
"DBPedia_7576","Forbes_921","0.9090178618281024"
"DBPedia_1355","Forbes_1872","0.9999947257163975"
"DBPedia_5499","Forbes_1440","0.9090178618281024"
"DBPedia_9235","Forbes_706","0.9999947257163975"
"DBPedia_2699","Forbes_1497","0.9971206034078415"
"DBPedia_4770","Forbes_1309","0.9999947257163975"
"DBPedia_1587","Forbes_1043","0.44497428008047785"
"DBPedia_6923","Forbes_248","0.9999947257163975"
"DBPedia_5142","Forbes_217","0.9971206034078415"
"DBPedia_6375","Forbes_562","0.9999714173774813"
"DBPedia_4400","Forbes_1377","0.9999714173774813"
"DBPedia_8969","Forbes_1138","0.9090178618281024"
"DBPedia_2480","Forbes_70","0.9999714173774813"
"DBPedia_5376","Forbes_253","0.9999947257163975"
"DBPedia_2276","Forbes_760","0.9971206034078415"
"DBPedia_8809","Forbes_1839","0.9990102753926106"
"DBPedia_3943","Forbes_608","0.9971206034078415"
"DBPedia_496","Forbes_1562","0.9090178618281024"
"DBPedia_8078","Forbes_459","0.9999947257163975"
"DBPedia_7364","Forbes_85","0.9999947257163975"
"DBPedia_5758","Forbes_77","0.9999947257163975"
"DBPedia_9139","Forbes_384","0.9999714173774813"
"DBPedia_2874","Forbes_31","0.9971206034078415"
"DBPedia_5358","Forbes_1","0.9990102753926106"
"DBPedia_9713","Forbes_1052","0.9990102753926106"
"DBPedia_6133","Forbes_1266","0.9998172252033096"
"DBPedia_6503","Forbes_1317","0.9998172252033096"
"DBPedia_7367","Forbes_1037","0.9999714173774813"
"DBPedia_1946","Forbes_1557","0.9998172252033096"
"DBPedia_10015","Forbes_965","0.9999947257163975"
"DBPedia_3171","Forbes_579","0.9999947257163975"
"DBPedia_9227","Forbes_589","0.9999714173774813"
"DBPedia_3527","Forbes_721","0.9090178618281024"
"DBPedia_5479","Forbes_794","0.999960704985897"
"DBPedia_6932","Forbes_1894","0.9999947257163975"
"DBPedia_9825","Forbes_302","0.999960704985897"
"DBPedia_2694","Forbes_143","0.9998172252033096"
"DBPedia_1992","Forbes_368","0.9090178618281024"
"DBPedia_9857","Forbes_276","0.9990102753926106"
"DBPedia_2476","Forbes_700","0.9999947257163975"
"DBPedia_995","Forbes_430","0.9999947257163975"
"DBPedia_4045","Forbes_68","0.9990102753926106"
"DBPedia_1345","Forbes_648","0.9999947257163975"
"DBPedia_7556","Forbes_657","0.9999714173774813"
"DBPedia_851","Forbes_318","0.9999947257163975"
"DBPedia_4184","Forbes_1356","0.9999947257163975"
"DBPedia_4900","Forbes_1087","0.9971206034078415"
"DBPedia_1573","Forbes_536","0.9090178618281024"
"DBPedia_10671","Forbes_865","0.9971206034078415"
"DBPedia_5115","Forbes_1239","0.9999947257163975"
"DBPedia_2659","Forbes_1241","0.9971206034078415"
"DBPedia_5397","Forbes_1023","0.9999947257163975"
"DBPedia_5937","Forbes_886","0.9986398295856426"
"DBPedia_6934","Forbes_894","0.9999947257163975"
"DBPedia_6175","Forbes_553","0.9999714173774813"
"DBPedia_8422","Forbes_1992","0.8486457731384593"
"DBPedia_1209","Forbes_458","0.9999947257163975"
"DBPedia_7875","Forbes_163","0.9999714173774813"
"DBPedia_4570","Forbes_223","0.9090178618281024"
"DBPedia_10475","Forbes_304","0.9998172252033096"
"DBPedia_146","Forbes_1412","0.9999947257163975"
"DBPedia_5552","Forbes_1790","0.9999947257163975"
"DBPedia_6683","Forbes_1205","0.9990102753926106"
"DBPedia_861","Forbes_314","0.9999947257163975"
"DBPedia_8269","Forbes_675","0.9998172252033096"
"DBPedia_7732","Forbes_227","0.9999714173774813"
"DBPedia_1785","Forbes_315","0.9986398295856426"
"DBPedia_10502","Forbes_468","0.9090178618281024"
"DBPedia_2675","Forbes_1337","0.9971206034078415"
"DBPedia_3853","Forbes_295","0.9971206034078415"
"DBPedia_7953","Forbes_1691","0.999960704985897"
"DBPedia_2836","Forbes_1448","0.9971206034078415"
"DBPedia_4104","Forbes_808","0.9990102753926106"
"DBPedia_9748","Forbes_329","0.999960704985897"
"DBPedia_5912","Forbes_746","0.9998802091017492"
"DBPedia_4941","Forbes_1481","0.9999947257163975"
"DBPedia_9861","Forbes_611","0.9999947257163975"
"DBPedia_3699","Forbes_779","0.9986398295856426"
"DBPedia_459","Forbes_1775","0.9990102753926106"
"DBPedia_644","Forbes_4","0.9999714173774813"
"DBPedia_4429","Forbes_1748","0.9971206034078415"
"DBPedia_1359","Forbes_1766","0.9999714173774813"
"DBPedia_162","Forbes_862","0.9090178618281024"
"DBPedia_7752","Forbes_67","0.9999714173774813"
"DBPedia_4653","Forbes_949","0.9999947257163975"
"DBPedia_7391","Forbes_967","0.9999714173774813"
"DBPedia_8460","Forbes_216","0.9990102753926106"
"DBPedia_2394","Forbes_322","0.9998172252033096"
"DBPedia_7591","Forbes_791","0.9999947257163975"
"DBPedia_6386","Forbes_680","0.9999947257163975"
"DBPedia_7571","Forbes_792","0.9971206034078415"
"DBPedia_6008","Forbes_1865","0.9998802091017492"
"DBPedia_1395","Forbes_337","0.9958647086113449"
"DBPedia_1562","Forbes_42","0.9999714173774813"
"DBPedia_5754","Forbes_1018","0.8486457731384593"
"DBPedia_6127","Forbes_1222","0.9999714173774813"
"DBPedia_7311","Forbes_1728","0.9998172252033096"
"DBPedia_8138","Forbes_1372","0.9998172252033096"
"DBPedia_5555","Forbes_169","0.9999947257163975"
"DBPedia_7392","Forbes_980","0.9999714173774813"
"DBPedia_3769","Forbes_1860","0.9090178618281024"
"DBPedia_6406","Forbes_1221","0.9998172252033096"
"DBPedia_7103","Forbes_1669","0.9998802091017492"
"DBPedia_9143","Forbes_1409","0.9998172252033096"
"DBPedia_2608","Forbes_1523","0.9090178618281024"
"DBPedia_10537","Forbes_621","0.9971206034078415"
"DBPedia_6585","Forbes_1556","0.9999714173774813"
"DBPedia_7137","Forbes_1692","0.9971206034078415"
"DBPedia_2679","Forbes_669","0.9999947257163975"
"DBPedia_10","Forbes_1828","0.9728704915645506"
"DBPedia_6224","Forbes_484","0.9999947257163975"
"DBPedia_8327","Forbes_189","0.8486457731384593"
"DBPedia_8465","Forbes_681","0.9986398295856426"
"DBPedia_6859","Forbes_184","0.9998172252033096"
"DBPedia_2399","Forbes_712","0.9090178618281024"
"DBPedia_7204","Forbes_12","0.9999947257163975"
"DBPedia_9584","Forbes_1764","0.9999714173774813"
"DBPedia_1801","Forbes_663","0.9971206034078415"
"DBPedia_5381","Forbes_32","0.9999714173774813"
"DBPedia_6140","Forbes_879","0.9998172252033096"
"DBPedia_469","Forbes_549","0.9999947257163975"
"DBPedia_5917","Forbes_1364","0.9999714173774813"
"DBPedia_2702","Forbes_18","0.9998172252033096"
"DBPedia_4019","Forbes_627","0.9999947257163975"
"DBPedia_4763","Forbes_1664","0.9999714173774813"
"DBPedia_10206","Forbes_1127","0.9999714173774813"
"DBPedia_1587","Forbes_1230","0.9999947257163975"
"DBPedia_2888","Forbes_815","0.9999947257163975"
"DBPedia_2981","Forbes_1313","0.9990102753926106"
"DBPedia_7101","Forbes_235","0.9999947257163975"
"DBPedia_3936","Forbes_1625","0.4294072664262576"
"DBPedia_8177","Forbes_1577","0.9990102753926106"
"DBPedia_8375","Forbes_953","0.9999947257163975"
"DBPedia_5110","Forbes_839","0.9999947257163975"
"DBPedia_7902","Forbes_343","0.9971206034078415"
"DBPedia_10453","Forbes_236","0.9999714173774813"
"DBPedia_5944","Forbes_1600","0.9999947257163975"
"DBPedia_1595","Forbes_117","0.9999714173774813"
"DBPedia_4686","Forbes_352","0.9998172252033096"
"DBPedia_2779","Forbes_1800","0.9971206034078415"
"DBPedia_7385","Forbes_968","0.9999947257163975"
"DBPedia_8688","Forbes_785","0.999960704985897"
"DBPedia_4925","Forbes_1200","0.9999714173774813"
"DBPedia_2188","Forbes_1017","0.9971206034078415"
"DBPedia_1357","Forbes_36","0.9990102753926106"
"DBPedia_7677","Forbes_898","0.9971206034078415"
"DBPedia_6785","Forbes_1916","0.9999947257163975"
"DBPedia_3344","Forbes_1121","0.9999947257163975"
"DBPedia_8196","Forbes_1953","0.9999947257163975"
"DBPedia_7666","Forbes_736","0.9990102753926106"
"DBPedia_7721","Forbes_9","0.9999947257163975"
"DBPedia_5200","Forbes_457","0.9971206034078415"
"DBPedia_10683","Forbes_1258","0.8486457731384593"
"DBPedia_1365","Forbes_999","0.9999947257163975"
"DBPedia_27","Forbes_882","0.9999947257163975"
"DBPedia_968","Forbes_183","0.9999947257163975"
"DBPedia_3163","Forbes_1747","0.9090178618281024"
"DBPedia_3307","Forbes_501","0.9986398295856426"
"DBPedia_6571","Forbes_684","0.9999714173774813"
"DBPedia_8890","Forbes_1210","0.999960704985897"
"DBPedia_1569","Forbes_1106","0.9998172252033096"
"DBPedia_10192","Forbes_1796","0.8486457731384593"
"DBPedia_9095","Forbes_434","0.9990102753926106"
"DBPedia_3349","Forbes_534","0.9999714173774813"
"DBPedia_10386","Forbes_1296","0.9999714173774813"
"DBPedia_969","Forbes_281","0.9990102753926106"
"DBPedia_3702","Forbes_1927","0.9998172252033096"
"DBPedia_8534","Forbes_1802","0.8486457731384593"
"DBPedia_8715","Forbes_90","0.9971206034078415"
"DBPedia_4113","Forbes_290","0.9999947257163975"
"DBPedia_8722","Forbes_870","0.9998172252033096"
"DBPedia_458","Forbes_1175","0.9999947257163975"
"DBPedia_3714","Forbes_83","0.9998172252033096"
"DBPedia_5394","Forbes_1629","0.9999714173774813"
"DBPedia_1610","Forbes_1211","0.9998172252033096"
"DBPedia_2196","Forbes_672","0.9998172252033096"
"DBPedia_666","Forbes_619","0.9999714173774813"
"DBPedia_4557","Forbes_1536","0.9999947257163975"
"DBPedia_9833","Forbes_305","0.4294072664262576"
"DBPedia_9213","Forbes_1607","0.9990102753926106"
"DBPedia_1344","Forbes_697","0.9998172252033096"
"DBPedia_10070","Forbes_1903","0.9999714173774813"
"DBPedia_5581","Forbes_735","0.9998172252033096"
"DBPedia_3538","Forbes_363","0.9999947257163975"
"DBPedia_10013","Forbes_66","0.9999947257163975"
"DBPedia_7883","Forbes_126","0.9999947257163975"
"DBPedia_10291","Forbes_737","0.9999947257163975"
"DBPedia_5840","Forbes_679","0.9998172252033096"
"DBPedia_10650","Forbes_1376","0.9090178618281024"
"DBPedia_5113","Forbes_1311","0.9999714173774813"
"DBPedia_9009","Forbes_1274","0.9999947257163975"
"DBPedia_10331","Forbes_718","0.9999947257163975"
"DBPedia_3440","Forbes_1700","0.9999947257163975"
"DBPedia_6121","Forbes_510","0.9999714173774813"
"DBPedia_18","Forbes_599","0.9998172252033096"
"DBPedia_736","Forbes_1687","0.9998802091017492"
"DBPedia_3145","Forbes_1542","0.9998172252033096"
"DBPedia_957","Forbes_1715","0.9999947257163975"
"DBPedia_2277","Forbes_226","0.9999947257163975"
"DBPedia_2289","Forbes_1270","0.9999947257163975"
"DBPedia_1590","Forbes_1454","0.9999947257163975"
"DBPedia_8330","Forbes_65","0.9999714173774813"
"DBPedia_1387","Forbes_1935","0.9090178618281024"
"DBPedia_10034","Forbes_1140","0.9999947257163975"
"DBPedia_10226","Forbes_1161","0.9958647086113449"
"DBPedia_5678","Forbes_514","0.9090178618281024"
"DBPedia_10674","Forbes_109","0.9999714173774813"
"DBPedia_9369","Forbes_385","0.9971206034078415"
"DBPedia_8050","Forbes_984","0.9990102753926106"
"DBPedia_2860","Forbes_491","0.9971206034078415"
"DBPedia_6733","Forbes_538","0.9971206034078415"
"DBPedia_4572","Forbes_922","0.9999714173774813"
"DBPedia_2853","Forbes_301","0.999960704985897"
"DBPedia_4606","Forbes_1298","0.9971206034078415"
"DBPedia_9827","Forbes_719","0.9090178618281024"
"DBPedia_6008","Forbes_1625","0.4294072664262576"
"DBPedia_8202","Forbes_878","0.9999947257163975"
"DBPedia_9739","Forbes_1517","0.9630777407889312"
"DBPedia_9511","Forbes_113","0.9990102753926106"
"DBPedia_7112","Forbes_992","0.9999947257163975"
"DBPedia_9442","Forbes_240","0.26196833177947143"
"DBPedia_7115","Forbes_1287","0.9090178618281024"
"DBPedia_4939","Forbes_1795","0.9999714173774813"
"DBPedia_8199","Forbes_1259","0.9971206034078415"
"DBPedia_4791","Forbes_101","0.9999947257163975"
"DBPedia_9937","Forbes_533","0.9971206034078415"
"DBPedia_1793","Forbes_1597","0.999960704985897"
"DBPedia_3160","Forbes_1280","0.9090178618281024"
"DBPedia_7553","Forbes_818","0.9998172252033096"
"DBPedia_8669","Forbes_695","0.4294072664262576"
"DBPedia_9510","Forbes_268","0.999960704985897"
"DBPedia_5787","Forbes_535","0.9999947257163975"
"DBPedia_226","Forbes_111","0.9999947257163975"
"DBPedia_5857","Forbes_179","0.9090178618281024"
"DBPedia_560","Forbes_1744","0.9999947257163975"
"DBPedia_1355","Forbes_1622","0.44497428008047785"
"DBPedia_9387","Forbes_432","0.9998172252033096"
"DBPedia_950","Forbes_209","0.9999714173774813"
"DBPedia_8204","Forbes_1769","0.9999947257163975"
"DBPedia_3614","Forbes_170","0.9998172252033096"
"DBPedia_1870","Forbes_893","0.9999714173774813"
"DBPedia_2866","Forbes_1014","0.9971206034078415"
"DBPedia_5587","Forbes_901","0.9999947257163975"
"DBPedia_5974","Forbes_1431","0.9999947257163975"
"DBPedia_5371","Forbes_1273","0.9999947257163975"
"DBPedia_5048","Forbes_1301","0.9090178618281024"
"DBPedia_7833","Forbes_1502","0.9998172252033096"
"DBPedia_4343","Forbes_74","0.9999714173774813"
"DBPedia_8193","Forbes_1086","0.9998802091017492"
"DBPedia_10038","Forbes_1735","0.9990102753926106"
"DBPedia_7382","Forbes_1172","0.9958647086113449"
"DBPedia_8692","Forbes_908","0.8486457731384593"
"DBPedia_1255","Forbes_1803","0.9990102753926106"
"DBPedia_8340","Forbes_1204","0.9999947257163975"
"DBPedia_6591","Forbes_207","0.9999714173774813"
"DBPedia_5051","Forbes_1944","0.9090178618281024"
"DBPedia_8549","Forbes_58","0.26196833177947143"
"DBPedia_2706","Forbes_1537","0.9990102753926106"
"DBPedia_1356","Forbes_698","0.9990102753926106"
"DBPedia_4200","Forbes_34","0.9999714173774813"
"DBPedia_8717","Forbes_790","0.9999714173774813"
"DBPedia_9469","Forbes_79","0.9999947257163975"
"DBPedia_5623","Forbes_955","0.9999947257163975"
"DBPedia_6860","Forbes_1330","0.9090178618281024"
"DBPedia_10673","Forbes_261","0.9999947257163975"
"DBPedia_151","Forbes_1151","0.9090178618281024"
"DBPedia_2458","Forbes_977","0.9998172252033096"
"DBPedia_4754","Forbes_928","0.9999714173774813"
"DBPedia_953","Forbes_520","0.9971206034078415"
"DBPedia_8633","Forbes_168","0.9990102753926106"
"DBPedia_568","Forbes_528","0.9090178618281024"
"DBPedia_5557","Forbes_69","0.9990102753926106"
"DBPedia_2806","Forbes_1001","0.9090178618281024"
"DBPedia_36","Forbes_742","0.9999947257163975"
"DBPedia_5556","Forbes_144","0.9999947257163975"
"DBPedia_433","Forbes_976","0.9986398295856426"
"DBPedia_7372","Forbes_1755","0.9999714173774813"
"DBPedia_7284","Forbes_382","0.9999947257163975"
"DBPedia_5114","Forbes_567","0.9999947257163975"
"DBPedia_9808","Forbes_136","0.9999947257163975"
"DBPedia_6588","Forbes_576","0.9990102753926106"
"DBPedia_2682","Forbes_331","0.9999947257163975"
"DBPedia_10369","Forbes_1940","0.9986398295856426"
"DBPedia_2672","Forbes_1508","0.9971206034078415"
"DBPedia_1709","Forbes_1051","0.9986398295856426"
"DBPedia_3664","Forbes_1902","0.9986398295856426"
"DBPedia_4123","Forbes_1228","0.9948807164069463"
"DBPedia_4730","Forbes_1125","0.9971206034078415"
"DBPedia_1198","Forbes_1254","0.9999947257163975"
"DBPedia_1822","Forbes_1446","0.4294072664262576"
"DBPedia_3139","Forbes_247","0.999960704985897"
"DBPedia_9605","Forbes_1279","0.9998172252033096"
"DBPedia_782","Forbes_1316","0.9090178618281024"
"DBPedia_1794","Forbes_1950","0.9999947257163975"
"DBPedia_6241","Forbes_442","0.9999714173774813"
"DBPedia_6758","Forbes_1671","0.9999947257163975"
"DBPedia_8458","Forbes_201","0.9090178618281024"
"DBPedia_9353","Forbes_263","0.9728704915645506"
"DBPedia_2475","Forbes_27","0.9999947257163975"
"DBPedia_925","Forbes_1937","0.9998172252033096"
"DBPedia_5","Forbes_328","0.999960704985897"
"DBPedia_1361","Forbes_84","0.9990102753926106"
"DBPedia_10224","Forbes_994","0.9999947257163975"
"DBPedia_7095","Forbes_556","0.9990102753926106"
"DBPedia_1577","Forbes_1169","0.9999714173774813"
"DBPedia_9653","Forbes_1925","0.9999714173774813"
"DBPedia_9138","Forbes_907","0.9990102753926106"
"DBPedia_48","Forbes_998","0.9090178618281024"
"DBPedia_5624","Forbes_1432","0.9971206034078415"
"DBPedia_8178","Forbes_219","0.9971206034078415"
"DBPedia_2681","Forbes_362","0.9999947257163975"
"DBPedia_4603","Forbes_120","0.9999714173774813"
"DBPedia_2119","Forbes_345","0.9971206034078415"
"DBPedia_4090","Forbes_1421","0.9090178618281024"
"DBPedia_2084","Forbes_1097","0.9090178618281024"
"DBPedia_7365","Forbes_659","0.9999714173774813"
"DBPedia_4406","Forbes_677","0.9999947257163975"
"DBPedia_24","Forbes_273","0.9958647086113449"
"DBPedia_8406","Forbes_1681","0.9999714173774813"
"DBPedia_8868","Forbes_625","0.9999947257163975"
"DBPedia_3325","Forbes_173","0.9999947257163975"
"DBPedia_3875","Forbes_1788","0.9990102753926106"
"DBPedia_7314","Forbes_550","0.9998172252033096"
"DBPedia_9672","Forbes_987","0.9999947257163975"
"DBPedia_5375","Forbes_349","0.9999714173774813"
"DBPedia_7954","Forbes_590","0.9999714173774813"
"DBPedia_464","Forbes_8","0.9998172252033096"
"DBPedia_2250","Forbes_465","0.9971206034078415"
"DBPedia_3102","Forbes_426","0.9998172252033096"
"DBPedia_6511","Forbes_753","0.9090178618281024"
"DBPedia_3556","Forbes_932","0.9971206034078415"
"DBPedia_10660","Forbes_241","0.9990102753926106"
