"DBPedia_2288","Forbes_1457","0.7718332681867247"
"DBPedia_3905","Forbes_471","1.0"
"DBPedia_4461","Forbes_1625","0.9999709466133679"
"DBPedia_5944","Forbes_1600","1.0"
"DBPedia_4516","Forbes_1909","0.8944211998503024"
"DBPedia_9310","Forbes_51","0.999576336391415"
"DBPedia_5109","Forbes_557","0.9999999998747379"
"DBPedia_9825","Forbes_505","0.9991977281363928"
"DBPedia_4515","Forbes_973","0.997622325997893"
"DBPedia_4668","Forbes_129","0.9999379569171629"
"DBPedia_9095","Forbes_434","0.9999999999996383"
"DBPedia_6932","Forbes_1894","1.0"
"DBPedia_7666","Forbes_458","0.5954534868203143"
"DBPedia_9692","Forbes_1142","0.9999999999999999"
"DBPedia_5787","Forbes_908","0.9730832167889745"
"DBPedia_471","Forbes_371","0.9999998897236458"
"DBPedia_3740","Forbes_1068","0.5950082908512558"
"DBPedia_7551","Forbes_959","1.0"
"DBPedia_7759","Forbes_908","0.9990831733873664"
"DBPedia_8460","Forbes_343","0.9998343374808549"
"DBPedia_3037","Forbes_267","0.5280251060158162"
"DBPedia_1147","Forbes_234","0.9999999999999988"
"DBPedia_9672","Forbes_987","0.9999999999999999"
"DBPedia_6128","Forbes_215","1.0"
"DBPedia_9538","Forbes_158","0.9279357520677618"
"DBPedia_8704","Forbes_1942","0.7649808653560746"
"DBPedia_1515","Forbes_1817","0.9999844595129975"
"DBPedia_9250","Forbes_322","0.9999999426721244"
"DBPedia_8719","Forbes_253","0.9992794070766375"
"DBPedia_4507","Forbes_473","0.9760641366777785"
"DBPedia_153","Forbes_570","0.976210000921327"
"DBPedia_7378","Forbes_1128","0.9999998751911674"
"DBPedia_6785","Forbes_1175","0.7037292944916419"
"DBPedia_4104","Forbes_565","0.7286167985045471"
"DBPedia_8956","Forbes_1313","0.5151231024167354"
"DBPedia_146","Forbes_1412","0.9999999995173151"
"DBPedia_8893","Forbes_26","0.999921392942567"
"DBPedia_3102","Forbes_426","0.9527812823186294"
"DBPedia_3690","Forbes_1951","0.9999930978077458"
"DBPedia_7794","Forbes_800","0.999999999404431"
"DBPedia_9468","Forbes_303","1.0"
"DBPedia_5299","Forbes_1110","0.8434945048326608"
"DBPedia_3513","Forbes_605","0.999999950461238"
"DBPedia_6375","Forbes_562","1.0"
"DBPedia_10266","Forbes_1300","1.0"
"DBPedia_8196","Forbes_1953","1.0"
"DBPedia_8866","Forbes_1446","1.0"
"DBPedia_4580","Forbes_1479","0.9394061208927471"
"DBPedia_1581","Forbes_438","0.9999977627317863"
"DBPedia_10653","Forbes_482","0.9994407317286695"
"DBPedia_4200","Forbes_34","1.0"
"DBPedia_5974","Forbes_1431","0.9999999999999962"
"DBPedia_8946","Forbes_1219","0.9999836558531464"
"DBPedia_9583","Forbes_1232","0.5227581937893356"
"DBPedia_3936","Forbes_505","0.9999987303165186"
"DBPedia_1151","Forbes_1012","1.0"
"DBPedia_5790","Forbes_1217","0.8400934277651291"
"DBPedia_7846","Forbes_1932","0.999996467334233"
"DBPedia_7732","Forbes_227","1.0"
"DBPedia_4766","Forbes_1363","0.7340587270442176"
"DBPedia_8931","Forbes_1954","0.9999750154424186"
"DBPedia_5111","Forbes_1815","0.9178784358330163"
"DBPedia_8177","Forbes_1577","0.9999999999999603"
"DBPedia_8151","Forbes_596","0.8529904340283788"
"DBPedia_3763","Forbes_1654","0.40300741652370353"
"DBPedia_9790","Forbes_1973","0.9999935984739776"
"DBPedia_7552","Forbes_1787","0.9999970027871231"
"DBPedia_8079","Forbes_425","0.9999999999999998"
"DBPedia_3450","Forbes_1966","0.9999909977504923"
"DBPedia_3270","Forbes_1910","0.9861005019234599"
"DBPedia_4604","Forbes_1936","1.0"
"DBPedia_1779","Forbes_24","0.9999999999878327"
"DBPedia_10559","Forbes_1203","1.0"
"DBPedia_7392","Forbes_980","1.0"
"DBPedia_9387","Forbes_432","0.9999999999999993"
"DBPedia_672","Forbes_343","0.9953928622946081"
"DBPedia_5371","Forbes_1467","0.5984660581738713"
"DBPedia_3771","Forbes_1155","0.7088064082826256"
"DBPedia_1776","Forbes_1777","0.9999999943759764"
"DBPedia_6409","Forbes_1166","1.0"
"DBPedia_5581","Forbes_735","0.9999999904037431"
"DBPedia_5904","Forbes_76","1.0"
"DBPedia_1577","Forbes_1169","1.0"
"DBPedia_8932","Forbes_1176","0.6672009059741583"
"DBPedia_9539","Forbes_1736","0.9999999639701371"
"DBPedia_3650","Forbes_1344","0.9999999819057542"
"DBPedia_2087","Forbes_1577","0.9946945652764113"
"DBPedia_6570","Forbes_585","0.9999999999623929"
"DBPedia_8560","Forbes_458","0.7926243933089883"
"DBPedia_9327","Forbes_920","0.999991471604597"
"DBPedia_3734","Forbes_1043","0.9972317463988791"
"DBPedia_8872","Forbes_1960","0.9160550300698748"
"DBPedia_9748","Forbes_754","0.9999999377126814"
"DBPedia_2343","Forbes_833","0.8948231391473546"
"DBPedia_3538","Forbes_363","1.0"
"DBPedia_433","Forbes_976","0.9998673131857626"
"DBPedia_3328","Forbes_251","1.0"
"DBPedia_2706","Forbes_1537","1.0"
"DBPedia_2515","Forbes_1590","0.9912318637372701"
"DBPedia_8879","Forbes_415","0.9999684109822438"
"DBPedia_3727","Forbes_718","0.841074146743029"
"DBPedia_9752","Forbes_1529","1.0"
"DBPedia_851","Forbes_318","1.0"
"DBPedia_6384","Forbes_1035","0.772102665649149"
"DBPedia_10673","Forbes_261","1.0"
"DBPedia_10386","Forbes_1521","0.9999999996135661"
"DBPedia_2506","Forbes_1813","0.9999996915989472"
"DBPedia_3514","Forbes_250","1.0"
"DBPedia_3706","Forbes_870","0.9281799147661993"
"DBPedia_3171","Forbes_579","0.9999999999925884"
"DBPedia_10100","Forbes_284","0.9765961657001981"
"DBPedia_6845","Forbes_263","0.9999910524376788"
"DBPedia_4748","Forbes_545","0.9999999812641297"
"DBPedia_8083","Forbes_449","1.0"
"DBPedia_3329","Forbes_263","0.9998492254903267"
"DBPedia_8628","Forbes_395","0.999993432356458"
"DBPedia_8330","Forbes_65","1.0"
"DBPedia_9730","Forbes_861","0.4656568976821593"
"DBPedia_6683","Forbes_1147","0.9999868315188871"
"DBPedia_8931","Forbes_453","0.9999991067483798"
"DBPedia_848","Forbes_1444","0.9999999867826797"
"DBPedia_7905","Forbes_1917","0.9999999999926854"
"DBPedia_9083","Forbes_1574","0.9999999999999819"
"DBPedia_2603","Forbes_1395","0.6590095352311115"
"DBPedia_8329","Forbes_1896","0.9999997528310783"
"DBPedia_1497","Forbes_1912","1.0"
"DBPedia_6758","Forbes_990","0.9839963918010396"
"DBPedia_4407","Forbes_1199","0.9430112062669365"
"DBPedia_3569","Forbes_1968","0.9995534138213531"
"DBPedia_6570","Forbes_570","0.9998379743094402"
"DBPedia_6663","Forbes_1522","0.999969299864714"
"DBPedia_425","Forbes_910","0.9999999999269656"
"DBPedia_7917","Forbes_1557","0.999999077925764"
"DBPedia_2494","Forbes_192","0.46787688350065815"
"DBPedia_1587","Forbes_1230","1.0"
"DBPedia_6407","Forbes_1467","0.9998007835365192"
"DBPedia_5379","Forbes_1023","0.9835267971333924"
"DBPedia_7730","Forbes_1654","0.9999999999816548"
"DBPedia_4203","Forbes_291","1.0"
"DBPedia_860","Forbes_1410","0.9999999923281802"
"DBPedia_7221","Forbes_596","0.8153570758192389"
"DBPedia_10034","Forbes_1140","1.0"
"DBPedia_4868","Forbes_1502","0.5006700348725214"
"DBPedia_1604","Forbes_1230","0.9885579565926667"
"DBPedia_8388","Forbes_1407","0.9917944180036955"
"DBPedia_2737","Forbes_1145","0.7733672616342707"
"DBPedia_9285","Forbes_118","0.8426712472208177"
"DBPedia_1021","Forbes_780","0.9999265556886185"
"DBPedia_2501","Forbes_1449","0.9055083460676159"
"DBPedia_3706","Forbes_1296","0.9999999994993085"
"DBPedia_8422","Forbes_312","0.9987850069383304"
"DBPedia_5557","Forbes_69","0.9999999999999999"
"DBPedia_1160","Forbes_1926","0.9999999999975596"
"DBPedia_7101","Forbes_235","1.0"
"DBPedia_4559","Forbes_1510","0.9999949306088318"
"DBPedia_7883","Forbes_126","1.0"
"DBPedia_10119","Forbes_736","0.9992153850352398"
"DBPedia_3043","Forbes_1195","1.0"
"DBPedia_956","Forbes_1373","1.0"
"DBPedia_4900","Forbes_1087","0.9999997666014898"
"DBPedia_8375","Forbes_465","0.762352889844194"
"DBPedia_7386","Forbes_1599","0.9999999997748857"
"DBPedia_6407","Forbes_569","0.999900162646149"
"DBPedia_8712","Forbes_319","1.0"
"DBPedia_7730","Forbes_936","0.9999997983092328"
"DBPedia_808","Forbes_784","0.999803670663751"
"DBPedia_1363","Forbes_695","0.9999999999999465"
"DBPedia_6409","Forbes_585","0.9979886277570793"
"DBPedia_2270","Forbes_114","0.9999999999510588"
"DBPedia_3362","Forbes_1868","0.48878867476437127"
"DBPedia_5555","Forbes_263","0.9999340190896693"
"DBPedia_2624","Forbes_1395","0.9999999999457604"
"DBPedia_8953","Forbes_1883","0.9963311664483337"
"DBPedia_9323","Forbes_569","0.9246976456849337"
"DBPedia_9583","Forbes_535","0.998636553509858"
"DBPedia_10671","Forbes_865","0.9999999710618613"
"DBPedia_3740","Forbes_1916","0.995604548682119"
"DBPedia_3043","Forbes_934","0.944024196128405"
"DBPedia_1365","Forbes_999","1.0"
"DBPedia_651","Forbes_691","1.0"
"DBPedia_5376","Forbes_133","0.9999681447849157"
"DBPedia_8540","Forbes_188","1.0"
"DBPedia_9353","Forbes_948","0.9877794674802389"
"DBPedia_5937","Forbes_1360","0.9999999999634387"
"DBPedia_2951","Forbes_1187","0.5820689182268037"
"DBPedia_8465","Forbes_422","0.807127685702787"
"DBPedia_6758","Forbes_1671","1.0"
"DBPedia_9334","Forbes_1025","0.9999999999999998"
"DBPedia_6570","Forbes_1166","0.9801730823358016"
"DBPedia_226","Forbes_171","0.9999995988826685"
"DBPedia_7194","Forbes_631","0.9999999999999998"
"DBPedia_1558","Forbes_182","1.0"
"DBPedia_5083","Forbes_246","0.8842854493013387"
"DBPedia_4405","Forbes_1285","0.999999999999979"
"DBPedia_9358","Forbes_1817","0.9589211381408422"
"DBPedia_8030","Forbes_1174","0.7030389637841907"
"DBPedia_1355","Forbes_1591","0.9998714177793827"
"DBPedia_9115","Forbes_517","0.9996568123434504"
"DBPedia_9469","Forbes_79","1.0"
"DBPedia_8744","Forbes_1435","0.41000661735308713"
"DBPedia_4209","Forbes_1683","0.9943829022052496"
"DBPedia_5072","Forbes_691","0.99880365040718"
"DBPedia_458","Forbes_1068","0.9989896267801499"
"DBPedia_4113","Forbes_290","1.0"
"DBPedia_248","Forbes_1951","0.9692305672736591"
"DBPedia_9353","Forbes_697","0.6889744157789163"
"DBPedia_9875","Forbes_1700","0.9999608483241718"
"DBPedia_1822","Forbes_720","0.7672675547422855"
"DBPedia_3546","Forbes_1504","1.0"
"DBPedia_8202","Forbes_878","0.9999999999900826"
"DBPedia_8545","Forbes_339","0.9999999999049023"
"DBPedia_6758","Forbes_1175","0.42760216515941885"
"DBPedia_5556","Forbes_144","1.0"
"DBPedia_6574","Forbes_1817","0.6667156551486727"
"DBPedia_2994","Forbes_553","0.9990585426334055"
"DBPedia_925","Forbes_1937","0.9818754097915511"
"DBPedia_1373","Forbes_600","1.0"
"DBPedia_950","Forbes_209","1.0"
"DBPedia_9861","Forbes_1993","0.999673849883012"
"DBPedia_7886","Forbes_986","0.5551430702029839"
"DBPedia_4557","Forbes_1536","0.9999999998245277"
"DBPedia_2458","Forbes_977","0.9999999996386039"
"DBPedia_566","Forbes_528","0.9940194633873974"
"DBPedia_9291","Forbes_1382","0.9403511542508036"
"DBPedia_427","Forbes_1643","1.0"
"DBPedia_4606","Forbes_399","0.9994559250002746"
"DBPedia_7731","Forbes_1916","0.9996160633030481"
"DBPedia_9353","Forbes_169","0.9999926792915136"
"DBPedia_4630","Forbes_284","0.9999916091810841"
"DBPedia_235","Forbes_1479","0.6629753010806477"
"DBPedia_3309","Forbes_125","0.9909950658590404"
"DBPedia_4934","Forbes_1360","0.9999787535435977"
"DBPedia_2687","Forbes_1396","0.7974982413052696"
"DBPedia_1195","Forbes_585","0.5579159416942787"
"DBPedia_5965","Forbes_609","0.9999999845230227"
"DBPedia_5394","Forbes_1629","1.0"
"DBPedia_4507","Forbes_681","0.4762111565238931"
"DBPedia_4104","Forbes_1787","0.9921033989651963"
"DBPedia_2302","Forbes_1341","0.999999999920607"
"DBPedia_790","Forbes_834","0.9999953315433938"
"DBPedia_8032","Forbes_1415","1.0"
"DBPedia_9115","Forbes_241","0.9998992834323617"
"DBPedia_4902","Forbes_739","0.9999997666014898"
"DBPedia_9510","Forbes_268","0.9999999985292926"
"DBPedia_2473","Forbes_1479","1.0"
"DBPedia_7587","Forbes_838","0.9991365337108381"
"DBPedia_4925","Forbes_1200","1.0"
"DBPedia_10146","Forbes_1935","0.9999949393565236"
"DBPedia_3734","Forbes_1942","0.9694954700930213"
"DBPedia_4362","Forbes_941","0.9173805341689519"
"DBPedia_7367","Forbes_1037","1.0"
"DBPedia_9586","Forbes_1303","0.9999999999999971"
"DBPedia_6391","Forbes_570","0.6241888980137479"
"DBPedia_8953","Forbes_1219","0.5755019763038547"
"DBPedia_7485","Forbes_1966","0.9994523559150422"
"DBPedia_1810","Forbes_1327","0.9693130710292075"
"DBPedia_9194","Forbes_1821","0.9957774826217388"
"DBPedia_8030","Forbes_1327","0.9934706848007291"
"DBPedia_860","Forbes_1534","0.9959588041662414"
"DBPedia_1581","Forbes_377","0.9999874188739315"
"DBPedia_4382","Forbes_441","1.0"
"DBPedia_9869","Forbes_828","0.998991998900451"
"DBPedia_2483","Forbes_1995","0.9984399780737574"
"DBPedia_7271","Forbes_639","0.9999999992935047"
"DBPedia_7393","Forbes_22","1.0"
"DBPedia_1709","Forbes_420","0.9600694844822915"
"DBPedia_806","Forbes_806","0.6023640303449019"
"DBPedia_4910","Forbes_1586","1.0"
"DBPedia_4921","Forbes_745","0.9939870772984954"
"DBPedia_3727","Forbes_800","0.9999114045456394"
"DBPedia_5397","Forbes_1023","1.0"
"DBPedia_4570","Forbes_223","0.999999999997096"
"DBPedia_5419","Forbes_1476","0.9997379160445147"
"DBPedia_4941","Forbes_1481","1.0"
"DBPedia_2623","Forbes_1114","0.6468308505656931"
"DBPedia_4976","Forbes_1074","0.9999894833239755"
"DBPedia_6186","Forbes_1801","0.9945091227280023"
"DBPedia_6212","Forbes_922","0.8905015661472574"
"DBPedia_5555","Forbes_395","0.9999999985785275"
"DBPedia_9838","Forbes_1196","0.9999999999999998"
"DBPedia_9357","Forbes_1814","0.45149052003747125"
"DBPedia_1579","Forbes_1435","0.40714198278157926"
"DBPedia_5570","Forbes_808","0.9994574214038919"
"DBPedia_6407","Forbes_1035","0.9990576943408197"
"DBPedia_1369","Forbes_1685","0.9999999990147728"
"DBPedia_9583","Forbes_1230","0.9985341974832206"
"DBPedia_9739","Forbes_1517","0.99999999999973"
"DBPedia_2277","Forbes_226","1.0"
"DBPedia_4982","Forbes_654","0.9999997528310783"
"DBPedia_3931","Forbes_338","1.0"
"DBPedia_10451","Forbes_748","0.9999998897236458"
"DBPedia_6622","Forbes_374","0.8197297020092551"
"DBPedia_1810","Forbes_1064","0.44551780915807265"
"DBPedia_806","Forbes_555","0.9999276183889101"
"DBPedia_4395","Forbes_1968","0.5374250096433245"
"DBPedia_8178","Forbes_219","0.9999998910069541"
"DBPedia_566","Forbes_253","0.9999912801736452"
"DBPedia_806","Forbes_886","0.9995442449286798"
"DBPedia_2302","Forbes_1889","0.5982549069072722"
"DBPedia_10119","Forbes_920","0.9999999996756349"
"DBPedia_2624","Forbes_1273","0.9990730273127549"
"DBPedia_2840","Forbes_1169","0.9490489431296494"
"DBPedia_5358","Forbes_1","0.9999999999999998"
"DBPedia_653","Forbes_1866","0.996015513951256"
"DBPedia_2922","Forbes_1235","0.9999942428299833"
"DBPedia_8030","Forbes_886","0.9216181096206325"
"DBPedia_8558","Forbes_1373","0.70215535276425"
"DBPedia_2836","Forbes_1448","0.9999998897236458"
"DBPedia_10386","Forbes_778","0.9999640141443238"
"DBPedia_6594","Forbes_172","0.9999999999999998"
"DBPedia_10674","Forbes_109","1.0"
"DBPedia_10291","Forbes_737","1.0"
"DBPedia_2866","Forbes_1014","0.9999998897236458"
"DBPedia_2288","Forbes_1682","0.9847548916735873"
"DBPedia_1362","Forbes_1935","0.999989359967834"
"DBPedia_8340","Forbes_1741","0.9998580311175055"
"DBPedia_9748","Forbes_723","0.9999844786785889"
"DBPedia_6785","Forbes_990","0.998101331029005"
"DBPedia_2394","Forbes_322","0.9999926204702447"
"DBPedia_4104","Forbes_808","0.999999999999828"
"DBPedia_4019","Forbes_627","0.9999999985469484"
"DBPedia_1918","Forbes_1360","0.7784521573770402"
"DBPedia_1793","Forbes_1597","1.0"
"DBPedia_665","Forbes_1628","0.43677014923928337"
"DBPedia_6391","Forbes_114","0.9401173992096356"
"DBPedia_1709","Forbes_528","0.9670982823869423"
"DBPedia_10108","Forbes_1951","0.9915744705373964"
"DBPedia_1581","Forbes_1422","0.9999581493066765"
"DBPedia_2521","Forbes_1951","0.9999998897236458"
"DBPedia_8138","Forbes_1372","0.9080757976314507"
"DBPedia_6127","Forbes_1222","1.0"
"DBPedia_8722","Forbes_870","0.9999999999999457"
"DBPedia_8330","Forbes_86","0.9960692419621133"
"DBPedia_3943","Forbes_608","0.9999998954086904"
"DBPedia_1801","Forbes_663","0.9999999464822976"
"DBPedia_968","Forbes_183","1.0"
"DBPedia_1810","Forbes_1235","0.6387497160294084"
"DBPedia_4387","Forbes_1503","0.9999999999999805"
"DBPedia_5210","Forbes_1862","0.9999999999325903"
"DBPedia_4749","Forbes_23","1.0"
"DBPedia_8464","Forbes_1909","0.9896339596957913"
"DBPedia_9370","Forbes_569","0.4111457065591796"
"DBPedia_7954","Forbes_590","1.0"
"DBPedia_9032","Forbes_1994","0.43852315443405065"
"DBPedia_1610","Forbes_1211","0.9999999999999231"
"DBPedia_1356","Forbes_698","1.0"
"DBPedia_8030","Forbes_1235","0.575386588624885"
"DBPedia_2276","Forbes_169","0.9987696737102867"
"DBPedia_5109","Forbes_1534","0.6626194872191941"
"DBPedia_6403","Forbes_1023","0.9974646317349772"
"DBPedia_3702","Forbes_1927","0.9999997745050747"
"DBPedia_2143","Forbes_305","0.9999916952870804"
"DBPedia_5671","Forbes_1010","0.9999999999955609"
"DBPedia_4104","Forbes_1332","0.9987139159460031"
"DBPedia_238","Forbes_1257","0.9879109695101671"
"DBPedia_5371","Forbes_1035","0.9999573496179124"
"DBPedia_2399","Forbes_712","0.9999993201718167"
"DBPedia_10086","Forbes_628","1.0"
"DBPedia_645","Forbes_622","0.9999999416016143"
"DBPedia_6683","Forbes_1796","0.9999999732539174"
"DBPedia_354","Forbes_1288","0.9283285624063295"
"DBPedia_8465","Forbes_524","0.9094464586732958"
"DBPedia_6785","Forbes_1671","0.982422461610058"
"DBPedia_10177","Forbes_1912","0.9999928983864447"
"DBPedia_8722","Forbes_1296","0.9999799919740048"
"DBPedia_8690","Forbes_583","1.0"
"DBPedia_2672","Forbes_1508","0.9999999999937128"
"DBPedia_10434","Forbes_1165","0.9884973955293299"
"DBPedia_10331","Forbes_1169","0.5366829988972586"
"DBPedia_7731","Forbes_1068","0.9999842667440091"
"DBPedia_3829","Forbes_908","0.5157289966161024"
"DBPedia_4406","Forbes_677","1.0"
"DBPedia_7284","Forbes_382","0.9999999999445136"
"DBPedia_7488","Forbes_890","0.8479414584062782"
"DBPedia_4572","Forbes_1590","0.9451862159285228"
"DBPedia_6769","Forbes_1450","0.9978293433619474"
"DBPedia_9327","Forbes_736","0.5672850022092957"
"DBPedia_2675","Forbes_1337","0.9999998897236458"
"DBPedia_18","Forbes_1572","0.9999717562940593"
"DBPedia_10595","Forbes_1708","0.4106650786870763"
"DBPedia_4415","Forbes_920","0.9764592505755872"
"DBPedia_8633","Forbes_168","0.9999999999999998"
"DBPedia_1822","Forbes_1571","0.9999973032787047"
"DBPedia_2477","Forbes_1147","0.43537756236710273"
"DBPedia_1523","Forbes_1838","0.9999686977054446"
"DBPedia_5376","Forbes_817","0.9681226910787022"
"DBPedia_4104","Forbes_975","0.7123024556303249"
"DBPedia_4209","Forbes_1376","0.4913386557390994"
"DBPedia_7509","Forbes_86","0.9997885710016194"
"DBPedia_2543","Forbes_1755","0.9999993951307488"
"DBPedia_648","Forbes_482","0.9999998897236458"
"DBPedia_1159","Forbes_139","0.999917613433644"
"DBPedia_434","Forbes_702","0.9999999999999237"
"DBPedia_5115","Forbes_1239","1.0"
"DBPedia_10453","Forbes_236","1.0"
"DBPedia_6934","Forbes_894","0.9999999999827285"
"DBPedia_6241","Forbes_442","1.0"
"DBPedia_3309","Forbes_1503","0.7873445091341095"
"DBPedia_6785","Forbes_1666","0.6623577837954258"
"DBPedia_2344","Forbes_973","0.9999999999667577"
"DBPedia_2274","Forbes_112","1.0"
"DBPedia_9038","Forbes_392","1.0"
"DBPedia_4131","Forbes_957","1.0"
"DBPedia_458","Forbes_1916","0.9787061301529607"
"DBPedia_4765","Forbes_253","0.9998764618039503"
"DBPedia_2698","Forbes_1435","0.9990158858971443"
"DBPedia_9605","Forbes_1279","0.9999999999999821"
"DBPedia_8375","Forbes_1943","0.8436173357867532"
"DBPedia_1362","Forbes_1511","0.9999999044563032"
"DBPedia_9213","Forbes_1607","0.9999999999999991"
"DBPedia_4773","Forbes_1255","0.9999986527770631"
"DBPedia_7903","Forbes_1353","0.823278427666891"
"DBPedia_6061","Forbes_597","0.5638041845083389"
"DBPedia_2268","Forbes_565","0.9999988589538865"
"DBPedia_6384","Forbes_1273","0.9640319864949295"
"DBPedia_4934","Forbes_1327","0.9999513726589874"
"DBPedia_4590","Forbes_544","0.43981555052723714"
"DBPedia_6552","Forbes_1437","0.9999287040325436"
"DBPedia_3187","Forbes_1449","0.9998496119231427"
"DBPedia_8460","Forbes_355","0.9999999991330608"
"DBPedia_6913","Forbes_1303","0.766069926334667"
"DBPedia_10633","Forbes_1130","0.4609168858010622"
"DBPedia_10653","Forbes_1614","0.9999635851814395"
"DBPedia_10331","Forbes_800","0.9990047845924196"
"DBPedia_7207","Forbes_1625","0.999999805828918"
"DBPedia_4921","Forbes_893","0.9063222864063093"
"DBPedia_7095","Forbes_556","0.9999999999999998"
"DBPedia_3936","Forbes_635","0.9999998298431239"
"DBPedia_7730","Forbes_681","0.9996720375866988"
"DBPedia_5278","Forbes_1374","0.5820689182268037"
"DBPedia_2872","Forbes_1757","1.0"
"DBPedia_6385","Forbes_525","0.9999999999999843"
"DBPedia_5745","Forbes_1916","0.9994091891786044"
"DBPedia_1110","Forbes_1865","0.45504306644057224"
"DBPedia_247","Forbes_722","0.9999999999999242"
"DBPedia_4934","Forbes_806","0.9993719633995936"
"DBPedia_5779","Forbes_535","0.41794085392238134"
"DBPedia_3309","Forbes_1023","0.9696325784710498"
"DBPedia_4415","Forbes_570","0.9892325710542127"
"DBPedia_8205","Forbes_1700","0.5589851650142392"
"DBPedia_9143","Forbes_1409","0.8592930183336586"
"DBPedia_6728","Forbes_537","1.0"
"DBPedia_5747","Forbes_50","0.9999999999999984"
"DBPedia_2878","Forbes_931","1.0"
"DBPedia_4934","Forbes_1064","0.9982276112079802"
"DBPedia_3030","Forbes_596","1.0"
"DBPedia_7666","Forbes_569","0.9999830401025162"
"DBPedia_4414","Forbes_1054","0.6998200780418501"
"DBPedia_407","Forbes_1003","0.9999534954285402"
"DBPedia_1577","Forbes_1545","0.9699783870659335"
"DBPedia_2698","Forbes_560","0.9690812583491547"
"DBPedia_495","Forbes_1878","0.9991898835099434"
"DBPedia_2276","Forbes_263","0.7980148608968438"
"DBPedia_2394","Forbes_1084","0.5803049552848528"
"DBPedia_2710","Forbes_1671","0.6876333726324266"
"DBPedia_3704","Forbes_1502","0.9999514132173136"
"DBPedia_6061","Forbes_197","0.9982535041998599"
"DBPedia_4934","Forbes_886","0.8802525740544637"
"DBPedia_10026","Forbes_1909","0.6704138896589741"
"DBPedia_5050","Forbes_480","0.9999999995191052"
"DBPedia_8875","Forbes_68","0.9999999947118087"
"DBPedia_3933","Forbes_332","0.9999998901501994"
"DBPedia_9730","Forbes_1786","0.9999999622513212"
"DBPedia_10108","Forbes_713","1.0"
"DBPedia_10119","Forbes_585","1.0"
"DBPedia_448","Forbes_1840","1.0"
"DBPedia_10192","Forbes_1796","0.7350133594322752"
"DBPedia_4061","Forbes_1226","0.9999877899016266"
"DBPedia_4934","Forbes_1174","0.999999818571764"
"DBPedia_9110","Forbes_1391","0.886492555737869"
"DBPedia_7666","Forbes_1467","0.4198671445080618"
"DBPedia_6061","Forbes_308","0.9988524805793675"
"DBPedia_502","Forbes_908","0.8006477667195935"
"DBPedia_860","Forbes_723","0.6314537393071713"
"DBPedia_8719","Forbes_1051","0.9999999905305864"
"DBPedia_1597","Forbes_685","0.999999999902145"
"DBPedia_8458","Forbes_1596","0.4010939682584847"
"DBPedia_10101","Forbes_808","0.9870622328159233"
"DBPedia_4572","Forbes_503","0.8253316755031437"
"DBPedia_6588","Forbes_576","1.0"
"DBPedia_3145","Forbes_1542","0.9999999999999573"
"DBPedia_10279","Forbes_487","0.9999999999999998"
"DBPedia_8866","Forbes_1571","0.9999931965770538"
"DBPedia_2515","Forbes_1265","0.4566039746226304"
"DBPedia_999","Forbes_1073","0.9999999999952203"
"DBPedia_4588","Forbes_977","0.8723328684969065"
"DBPedia_6571","Forbes_684","1.0"
"DBPedia_5397","Forbes_125","0.9623080984094803"
"DBPedia_5114","Forbes_1875","0.7970898308182275"
"DBPedia_480","Forbes_1853","0.9999999999974551"
"DBPedia_2873","Forbes_1757","0.9921241403856184"
"DBPedia_9631","Forbes_640","0.999999905144725"
"DBPedia_8372","Forbes_1133","0.6262594328060243"
"DBPedia_3744","Forbes_1296","0.8768153094450264"
"DBPedia_5032","Forbes_592","0.9999998897236458"
"DBPedia_5758","Forbes_77","1.0"
"DBPedia_6403","Forbes_1503","0.9984461024926319"
"DBPedia_7380","Forbes_86","0.9999999999997702"
"DBPedia_10101","Forbes_1332","0.6630826417153549"
"DBPedia_9999","Forbes_166","0.9999911414702302"
"DBPedia_6934","Forbes_1980","0.9970511742596077"
"DBPedia_8030","Forbes_1360","0.4467642531161739"
"DBPedia_2682","Forbes_331","1.0"
"DBPedia_5499","Forbes_1440","0.9998464481218514"
"DBPedia_1142","Forbes_1625","0.5590061399601953"
"DBPedia_353","Forbes_1257","0.9657066772837737"
"DBPedia_38","Forbes_1054","0.9999999999976956"
"DBPedia_1161","Forbes_1821","0.9999999712391839"
"DBPedia_4647","Forbes_267","0.999992627932734"
"DBPedia_6409","Forbes_736","0.9988326874717309"
"DBPedia_4387","Forbes_1023","0.9999998806749869"
"DBPedia_1048","Forbes_1401","0.999998831753073"
"DBPedia_4120","Forbes_1787","0.9697304645614592"
"DBPedia_672","Forbes_355","0.9817939865328816"
"DBPedia_6407","Forbes_1395","0.9845781871456061"
"DBPedia_9321","Forbes_1166","1.0"
"DBPedia_5200","Forbes_457","1.0"
"DBPedia_956","Forbes_1376","0.9999982064602374"
"DBPedia_5956","Forbes_1464","0.606886594442877"
"DBPedia_9579","Forbes_1502","0.4939920629905835"
"DBPedia_2943","Forbes_691","0.43852315443405065"
"DBPedia_10208","Forbes_731","1.0"
"DBPedia_4754","Forbes_928","1.0"
"DBPedia_7923","Forbes_1064","0.7605737193236234"
"DBPedia_5397","Forbes_1503","0.9853153342630914"
"DBPedia_4791","Forbes_101","0.9999999999996808"
"DBPedia_9840","Forbes_667","0.9999998901501994"
"DBPedia_10119","Forbes_570","0.9999463759535583"
"DBPedia_6061","Forbes_152","0.9999438649222061"
"DBPedia_8360","Forbes_1457","0.9999997528310783"
"DBPedia_9748","Forbes_1534","0.9999832229254989"
"DBPedia_4338","Forbes_1693","0.7493222100175505"
"DBPedia_27","Forbes_882","1.0"
"DBPedia_8378","Forbes_486","0.9999869173795176"
"DBPedia_8628","Forbes_697","0.9999567543980812"
"DBPedia_20","Forbes_573","1.0"
"DBPedia_2475","Forbes_96","0.9508886136424278"
"DBPedia_7829","Forbes_1229","0.9999999999961106"
"DBPedia_8707","Forbes_1725","0.4319228423386037"
"DBPedia_956","Forbes_1683","0.9999302921656152"
"DBPedia_8631","Forbes_1706","0.9999999995833155"
"DBPedia_7207","Forbes_1865","0.9749204734044331"
"DBPedia_3380","Forbes_1395","0.8419632665169524"
"DBPedia_8986","Forbes_329","0.5985248839299093"
"DBPedia_241","Forbes_1456","0.7696429934323491"
"DBPedia_5371","Forbes_1395","0.9999931358905636"
"DBPedia_3469","Forbes_1822","0.5326026310701427"
"DBPedia_5555","Forbes_948","0.9999974436019358"
"DBPedia_4904","Forbes_175","1.0"
"DBPedia_6591","Forbes_207","1.0"
"DBPedia_5209","Forbes_896","0.9999976399411161"
"DBPedia_6185","Forbes_1801","0.9999999999462588"
"DBPedia_10146","Forbes_1511","0.999999908940707"
"DBPedia_1918","Forbes_1327","0.9995395563193584"
"DBPedia_7370","Forbes_1155","0.5409232724791039"
"DBPedia_5375","Forbes_349","1.0"
"DBPedia_5428","Forbes_1725","0.9999997528310783"
"DBPedia_3690","Forbes_405","0.7296945986952801"
"DBPedia_5109","Forbes_723","0.6293742000471718"
"DBPedia_1173","Forbes_527","0.9638844290902912"
"DBPedia_2690","Forbes_990","0.9999995225519382"
"DBPedia_9353","Forbes_263","1.0"
"DBPedia_453","Forbes_39","0.9999999967802754"
"DBPedia_8628","Forbes_169","0.9985516660977685"
"DBPedia_9681","Forbes_620","0.999999999994878"
"DBPedia_10633","Forbes_302","0.7576649210700427"
"DBPedia_2572","Forbes_636","0.9999999977194666"
"DBPedia_2250","Forbes_465","0.9999997528310783"
"DBPedia_5869","Forbes_1450","0.999999996121098"
"DBPedia_9857","Forbes_276","0.9999999999999996"
"DBPedia_2918","Forbes_1243","0.9999999957616679"
"DBPedia_10119","Forbes_1166","0.9954021894082206"
"DBPedia_8744","Forbes_560","0.9615476375559888"
"DBPedia_9520","Forbes_1671","0.9480278088009911"
"DBPedia_5390","Forbes_1920","0.8742875044410557"
"DBPedia_2473","Forbes_776","0.9953572096398478"
"DBPedia_3334","Forbes_764","0.9999880397130106"
"DBPedia_9323","Forbes_458","0.8632991257270266"
"DBPedia_4580","Forbes_1938","0.5724604316752505"
"DBPedia_5948","Forbes_1074","0.9999654628372298"
"DBPedia_8458","Forbes_201","0.9999999958052554"
"DBPedia_3699","Forbes_779","1.0"
"DBPedia_514","Forbes_331","0.9999944328454399"
"DBPedia_7204","Forbes_12","1.0"
"DBPedia_433","Forbes_817","0.9997458116644513"
"DBPedia_3959","Forbes_1824","0.5971839495379352"
"DBPedia_4060","Forbes_305","0.9999978569884836"
"DBPedia_9189","Forbes_524","1.0"
"DBPedia_7172","Forbes_1506","0.6153893557691351"
"DBPedia_7545","Forbes_78","1.0"
"DBPedia_8422","Forbes_1992","0.7380954181214704"
"DBPedia_3875","Forbes_1788","0.9877933886417896"
"DBPedia_8707","Forbes_133","0.651969403765619"
"DBPedia_8932","Forbes_1163","0.6282547823604653"
"DBPedia_10101","Forbes_1787","0.7666031800460202"
"DBPedia_6570","Forbes_736","0.9999988884428554"
"DBPedia_4934","Forbes_1235","0.9998691704204237"
"DBPedia_4747","Forbes_133","0.938343744833737"
"DBPedia_736","Forbes_1687","0.9999999945499557"
"DBPedia_10633","Forbes_1032","0.9941125184201388"
"DBPedia_5745","Forbes_1068","1.0"
"DBPedia_2704","Forbes_1976","0.9998811851773158"
"DBPedia_8523","Forbes_714","0.6238923597190418"
"DBPedia_8523","Forbes_1522","0.9999998562229303"
"DBPedia_808","Forbes_1039","0.9996956977023039"
"DBPedia_9457","Forbes_1540","0.9999998897236458"
"DBPedia_10433","Forbes_372","1.0"
"DBPedia_6572","Forbes_1401","0.9999979105270653"
"DBPedia_5414","Forbes_697","0.4569755522511624"
"DBPedia_3325","Forbes_173","1.0"
"DBPedia_8536","Forbes_572","1.0"
"DBPedia_1990","Forbes_469","1.0"
"DBPedia_8381","Forbes_876","0.9999999999999658"
"DBPedia_6407","Forbes_458","0.6997859245161506"
"DBPedia_8380","Forbes_927","0.9999999999462588"
"DBPedia_2860","Forbes_491","0.9999999007184869"
"DBPedia_1710","Forbes_436","0.8523795524346917"
"DBPedia_7730","Forbes_473","0.9818084901698958"
"DBPedia_9353","Forbes_395","0.9984308389386864"
"DBPedia_566","Forbes_1051","0.9999051246987988"
"DBPedia_7658","Forbes_1951","0.9999797314091984"
"DBPedia_1262","Forbes_1510","0.6556549320664851"
"DBPedia_4572","Forbes_1265","0.9770835247701022"
"DBPedia_1565","Forbes_1661","0.8060617718319193"
"DBPedia_3329","Forbes_169","0.9999995286338137"
"DBPedia_2690","Forbes_1175","0.9999949165957376"
"DBPedia_1613","Forbes_502","0.9999967779665754"
"DBPedia_10","Forbes_1828","1.0"
"DBPedia_2737","Forbes_1638","0.8813629857930247"
"DBPedia_9369","Forbes_385","0.9999997537871379"
"DBPedia_216","Forbes_1315","1.0"
"DBPedia_462","Forbes_1448","0.878396557862109"
"DBPedia_506","Forbes_1209","0.9999955702612537"
"DBPedia_2268","Forbes_1787","0.49797611927950436"
"DBPedia_2278","Forbes_1516","1.0"
"DBPedia_10385","Forbes_870","0.976682504682284"
"DBPedia_7366","Forbes_145","0.9999999822333638"
"DBPedia_3455","Forbes_114","0.9999752295648253"
"DBPedia_7746","Forbes_817","0.97777777769383"
"DBPedia_5585","Forbes_222","1.0"
"DBPedia_9748","Forbes_1410","0.8135498160078374"
"DBPedia_10108","Forbes_405","0.9999827839461651"
"DBPedia_8805","Forbes_135","0.9999999999999993"
"DBPedia_10192","Forbes_1147","0.9999981760416957"
"DBPedia_6933","Forbes_1226","0.9999999998645356"
"DBPedia_8809","Forbes_1839","0.999999985831223"
"DBPedia_7255","Forbes_1366","0.7018923503367013"
"DBPedia_3922","Forbes_453","0.8047850029429892"
"DBPedia_9808","Forbes_136","1.0"
"DBPedia_5374","Forbes_1269","1.0"
"DBPedia_9748","Forbes_557","0.4318612915081501"
"DBPedia_238","Forbes_168","0.575674077796819"
"DBPedia_5028","Forbes_1360","0.9999999989798867"
"DBPedia_6008","Forbes_1865","0.9999999737688253"
"DBPedia_1794","Forbes_1950","1.0"
"DBPedia_2840","Forbes_1545","0.999564279846504"
"DBPedia_3587","Forbes_584","0.9999999999999999"
"DBPedia_6683","Forbes_1205","1.0"
"DBPedia_9974","Forbes_1128","0.9999999994684075"
"DBPedia_250","Forbes_1685","0.9990245858874406"
"DBPedia_1033","Forbes_305","0.9999717477728925"
"DBPedia_2286","Forbes_1084","0.6543432477416387"
"DBPedia_5371","Forbes_1273","1.0"
"DBPedia_8804","Forbes_1942","0.8721278063770942"
"DBPedia_4921","Forbes_350","1.0"
"DBPedia_5937","Forbes_1235","0.9999999173539004"
"DBPedia_5388","Forbes_265","0.9999998897236458"
"DBPedia_974","Forbes_938","1.0"
"DBPedia_4478","Forbes_1741","0.9999999680459827"
"DBPedia_5381","Forbes_32","1.0"
"DBPedia_3055","Forbes_538","0.9563805298845947"
"DBPedia_7551","Forbes_1325","0.9999313084306701"
"DBPedia_10385","Forbes_1296","0.9999969346291002"
"DBPedia_6570","Forbes_920","0.9999999999978108"
"DBPedia_9327","Forbes_585","0.9999997262913889"
"DBPedia_9139","Forbes_384","1.0"
"DBPedia_5555","Forbes_697","0.996344585101639"
"DBPedia_957","Forbes_1715","1.0"
"DBPedia_10386","Forbes_942","0.9999937085566464"
"DBPedia_2713","Forbes_1942","0.8741670240309077"
"DBPedia_2289","Forbes_1270","0.9999999994150418"
"DBPedia_6859","Forbes_184","0.999999999999984"
"DBPedia_10529","Forbes_1787","0.9999866484144599"
"DBPedia_5109","Forbes_754","0.4835341451350896"
"DBPedia_7380","Forbes_65","0.9015427894875659"
"DBPedia_1603","Forbes_1018","0.9964719836987869"
"DBPedia_7137","Forbes_1692","0.9999999811913771"
"DBPedia_7747","Forbes_832","0.9999999999916375"
"DBPedia_10274","Forbes_1916","0.9243365297582709"
"DBPedia_10571","Forbes_1239","0.9999939400291383"
"DBPedia_1344","Forbes_973","0.8708086641513509"
"DBPedia_4924","Forbes_1009","1.0"
"DBPedia_3509","Forbes_1298","0.9962716683998284"
"DBPedia_469","Forbes_549","1.0"
"DBPedia_9235","Forbes_706","1.0"
"DBPedia_4120","Forbes_565","0.6625603222916533"
"DBPedia_7875","Forbes_163","1.0"
"DBPedia_5754","Forbes_1018","0.9992641479092422"
"DBPedia_4343","Forbes_74","1.0"
"DBPedia_7002","Forbes_1327","0.9999748656773826"
"DBPedia_2017","Forbes_131","0.44491816338825324"
"DBPedia_5236","Forbes_447","0.9999999997814729"
"DBPedia_5105","Forbes_202","1.0"
"DBPedia_5379","Forbes_1503","0.9976540917356778"
"DBPedia_8628","Forbes_948","0.9812434386275076"
"DBPedia_7587","Forbes_1033","0.5281517173835065"
"DBPedia_5555","Forbes_169","1.0"
"DBPedia_10070","Forbes_1903","1.0"
"DBPedia_8473","Forbes_1395","0.9957756938537531"
"DBPedia_9662","Forbes_990","0.9996442230976171"
"DBPedia_5375","Forbes_1341","0.9581371504650967"
"DBPedia_6860","Forbes_1330","0.8117752074331577"
"DBPedia_3049","Forbes_1239","0.9060100823510875"
"DBPedia_9733","Forbes_239","0.9999999999988395"
"DBPedia_1709","Forbes_1051","0.9981541055639064"
"DBPedia_9113","Forbes_1408","0.9999125674557268"
"DBPedia_3455","Forbes_32","0.9648144660075008"
"DBPedia_8350","Forbes_1460","0.998780605064517"
"DBPedia_9246","Forbes_1660","0.9999999522611556"
"DBPedia_953","Forbes_520","0.9999999578431151"
"DBPedia_2104","Forbes_1910","0.9999992280478258"
"DBPedia_2801","Forbes_1987","0.999999999976023"
"DBPedia_8199","Forbes_1259","0.999999999632273"
"DBPedia_1159","Forbes_473","0.9999963402052239"
"DBPedia_8692","Forbes_908","0.5449321723084118"
"DBPedia_7385","Forbes_968","1.0"
"DBPedia_248","Forbes_405","0.9999959668566698"
"DBPedia_445","Forbes_660","0.6625004202984269"
"DBPedia_10331","Forbes_1545","0.9762385400088358"
"DBPedia_5937","Forbes_1174","0.9999996898088714"
"DBPedia_8458","Forbes_833","0.6528673056298674"
"DBPedia_9832","Forbes_1510","0.9999998034778024"
"DBPedia_4765","Forbes_1051","0.9999970302633432"
"DBPedia_2881","Forbes_1212","0.9999999999999221"
"DBPedia_10274","Forbes_1068","0.9994995248427543"
"DBPedia_4396","Forbes_593","0.5336062636027782"
"DBPedia_6384","Forbes_1395","0.9999998916400972"
"DBPedia_4507","Forbes_1654","0.8810617697787382"
"DBPedia_4752","Forbes_1546","0.9999998897236458"
"DBPedia_3734","Forbes_908","0.9998285109271836"
"DBPedia_235","Forbes_1938","0.43218950115394755"
"DBPedia_9370","Forbes_876","0.9999389795156279"
"DBPedia_2702","Forbes_18","0.9999999999999991"
"DBPedia_9442","Forbes_240","0.9999995793594754"
"DBPedia_1367","Forbes_156","0.9999999999999959"
"DBPedia_2703","Forbes_1076","1.0"
"DBPedia_7553","Forbes_818","0.7001135881858631"
"DBPedia_8714","Forbes_203","0.9039793263414682"
"DBPedia_5397","Forbes_1062","0.9984474034997944"
"DBPedia_9838","Forbes_734","0.9774018741051742"
"DBPedia_4378","Forbes_367","1.0"
"DBPedia_9322","Forbes_1395","0.9944831014315321"
"DBPedia_10633","Forbes_1625","0.9151375309519874"
"DBPedia_8691","Forbes_703","0.9999999999999998"
"DBPedia_8993","Forbes_333","0.9999999999907245"
"DBPedia_1577","Forbes_800","0.9994097893608962"
"DBPedia_2800","Forbes_946","0.9999999996904473"
"DBPedia_9357","Forbes_1231","0.9999328711084301"
"DBPedia_2268","Forbes_808","0.9452193734283171"
"DBPedia_5379","Forbes_125","0.9999999999732861"
"DBPedia_8052","Forbes_403","1.0"
"DBPedia_955","Forbes_305","0.7807126089000394"
"DBPedia_1590","Forbes_1454","1.0"
"DBPedia_1195","Forbes_736","0.8064323320540373"
"DBPedia_5376","Forbes_976","0.9965103352708422"
"DBPedia_2681","Forbes_362","0.9999999999999996"
"DBPedia_1298","Forbes_1126","0.9999663045749907"
"DBPedia_6224","Forbes_484","1.0"
"DBPedia_3723","Forbes_1154","0.9999999811913771"
"DBPedia_1603","Forbes_715","0.9999999999701729"
"DBPedia_5556","Forbes_171","0.9998663489780559"
"DBPedia_898","Forbes_606","0.6783718664481122"
"DBPedia_10331","Forbes_718","1.0"
"DBPedia_2708","Forbes_1671","0.9998007330245262"
"DBPedia_8714","Forbes_35","0.9999999999984422"
"DBPedia_2540","Forbes_1447","0.9508337370863676"
"DBPedia_2677","Forbes_1069","1.0"
"DBPedia_9327","Forbes_1166","0.9999024134701158"
"DBPedia_2268","Forbes_975","0.6701268390820101"
"DBPedia_5754","Forbes_715","0.9887172605002068"
"DBPedia_1353","Forbes_486","1.0"
"DBPedia_7365","Forbes_659","1.0"
"DBPedia_5937","Forbes_806","0.9999937222946165"
"DBPedia_6409","Forbes_920","0.9691597621601854"
"DBPedia_6385","Forbes_242","0.997649169530523"
"DBPedia_8078","Forbes_459","1.0"
"DBPedia_8472","Forbes_1530","0.9999999999979012"
"DBPedia_10075","Forbes_736","0.8793768088282964"
"DBPedia_3922","Forbes_1954","0.9930043245412465"
"DBPedia_3037","Forbes_1968","0.9999046518946987"
"DBPedia_3440","Forbes_1700","0.9999999999903604"
"DBPedia_5381","Forbes_114","0.6553292476486787"
"DBPedia_5209","Forbes_496","0.9849753271798385"
"DBPedia_6121","Forbes_510","1.0"
"DBPedia_8692","Forbes_203","0.9999999987031654"
"DBPedia_701","Forbes_555","0.9999999999449073"
"DBPedia_10122","Forbes_1802","1.0"
"DBPedia_5937","Forbes_1327","0.9999996914397403"
"DBPedia_450","Forbes_122","1.0"
"DBPedia_226","Forbes_144","0.9999999994925556"
"DBPedia_5937","Forbes_1464","0.9995853983864609"
"DBPedia_9189","Forbes_422","0.9129073924857709"
"DBPedia_672","Forbes_593","0.9999999719756424"
"DBPedia_10369","Forbes_1940","0.9999667183725409"
"DBPedia_3978","Forbes_924","0.7191443446563084"
"DBPedia_10363","Forbes_1497","0.9999774490971176"
"DBPedia_2704","Forbes_1521","0.9958613531941083"
"DBPedia_8478","Forbes_1505","0.9999975011746786"
"DBPedia_1603","Forbes_1383","0.9999940067155826"
"DBPedia_8534","Forbes_1802","0.999999998534425"
"DBPedia_5581","Forbes_857","0.9977642956567954"
"DBPedia_3043","Forbes_476","0.9999887295183872"
"DBPedia_4115","Forbes_1708","0.4001758559525756"
"DBPedia_5937","Forbes_555","0.9983434059414378"
"DBPedia_6407","Forbes_1273","0.9999946813540117"
"DBPedia_2269","Forbes_299","1.0"
"DBPedia_670","Forbes_1429","0.9999999999987893"
"DBPedia_5937","Forbes_886","0.9998786711784553"
"DBPedia_9323","Forbes_512","0.9981940950763373"
"DBPedia_5962","Forbes_1226","0.8436173357867532"
"DBPedia_9291","Forbes_1460","0.9999999999959029"
"DBPedia_5754","Forbes_1383","1.0"
"DBPedia_3690","Forbes_713","0.9998921969730207"
"DBPedia_8194","Forbes_1835","0.9999999999947867"
"DBPedia_3342","Forbes_875","1.0"
"DBPedia_3714","Forbes_83","0.9999999999870124"
"DBPedia_6212","Forbes_1869","0.9997814572982989"
"DBPedia_1822","Forbes_1446","0.9547568522540966"
"DBPedia_5","Forbes_328","0.9999999999999987"
"DBPedia_5937","Forbes_1064","0.707937558794591"
"DBPedia_1870","Forbes_893","0.9999999999961106"
"DBPedia_2777","Forbes_1666","0.9999999999700716"
"DBPedia_5366","Forbes_678","0.9999999999999645"
"DBPedia_7481","Forbes_1407","0.8729116670069347"
"DBPedia_4507","Forbes_936","0.9974703181868939"
"DBPedia_5787","Forbes_1043","0.8332911857264772"
"DBPedia_8029","Forbes_1757","0.7008792788909812"
"DBPedia_10206","Forbes_1127","1.0"
"DBPedia_8535","Forbes_812","1.0"
"DBPedia_3930","Forbes_1707","0.9999989024886746"
"DBPedia_4927","Forbes_1353","0.9997016371956292"
"DBPedia_7759","Forbes_1043","0.6869526545490079"
"DBPedia_7903","Forbes_1866","0.9999336048059562"
"DBPedia_2475","Forbes_27","1.0"
"DBPedia_1569","Forbes_1664","0.8051417281877419"
"DBPedia_4590","Forbes_162","1.0"
"DBPedia_2892","Forbes_1793","0.9999999986261754"
"DBPedia_2563","Forbes_1403","0.9999998897236458"
"DBPedia_1784","Forbes_1884","1.0"
"DBPedia_8523","Forbes_1511","0.8249243532578175"
"DBPedia_6785","Forbes_1916","0.999999999999977"
"DBPedia_6940","Forbes_1561","1.0"
"DBPedia_10590","Forbes_287","0.9999999999223697"
"DBPedia_4577","Forbes_1717","1.0"
"DBPedia_4396","Forbes_1100","1.0"
"DBPedia_9584","Forbes_1764","1.0"
"DBPedia_4415","Forbes_569","0.7411834865435454"
"DBPedia_1709","Forbes_133","0.6805052761810947"
"DBPedia_5399","Forbes_1475","1.0"
"DBPedia_7985","Forbes_1446","0.9997263203535613"
"DBPedia_1344","Forbes_169","0.6052474061147646"
"DBPedia_3183","Forbes_826","0.9898354171002313"
"DBPedia_1579","Forbes_1545","0.6197302004126021"
"DBPedia_1587","Forbes_908","0.9999145307039703"
"DBPedia_9137","Forbes_1797","0.895308327581168"
"DBPedia_7758","Forbes_203","1.0"
"DBPedia_8804","Forbes_1232","0.9303582903211352"
"DBPedia_2679","Forbes_669","1.0"
"DBPedia_10013","Forbes_66","1.0"
"DBPedia_10434","Forbes_1960","0.9999906040472447"
"DBPedia_8744","Forbes_718","0.894384434976191"
"DBPedia_7666","Forbes_570","0.9983477440637282"
"DBPedia_2687","Forbes_1363","1.0"
"DBPedia_672","Forbes_216","0.9944363879080113"
"DBPedia_3047","Forbes_854","0.9999996223291732"
"DBPedia_6943","Forbes_986","0.9999999999658874"
"DBPedia_4400","Forbes_1377","1.0"
"DBPedia_10177","Forbes_1523","0.9999539983655101"
"DBPedia_9825","Forbes_1865","0.9899228634495031"
"DBPedia_7947","Forbes_1914","0.9767146692937994"
"DBPedia_7221","Forbes_1239","0.9999999999983533"
"DBPedia_5748","Forbes_1581","0.5776784229565711"
"DBPedia_3706","Forbes_1521","0.9999947477222938"
"DBPedia_4928","Forbes_437","1.0"
"DBPedia_6212","Forbes_1265","0.999997461831763"
"DBPedia_7571","Forbes_792","0.9999999811913771"
"DBPedia_3067","Forbes_723","0.9990569279162458"
"DBPedia_10386","Forbes_870","0.9999904906097262"
"DBPedia_5398","Forbes_249","1.0"
"DBPedia_2624","Forbes_1166","0.7350912976534806"
"DBPedia_9511","Forbes_113","1.0"
"DBPedia_2327","Forbes_263","0.9999750617033569"
"DBPedia_9653","Forbes_1925","1.0"
"DBPedia_4653","Forbes_949","0.9999999999820298"
"DBPedia_9189","Forbes_473","0.8149274997053769"
"DBPedia_153","Forbes_458","0.970031976190045"
"DBPedia_36","Forbes_742","0.9999999999999862"
"DBPedia_1344","Forbes_697","0.9999997210697438"
"DBPedia_2476","Forbes_700","1.0"
"DBPedia_9310","Forbes_305","0.4319228423386037"
"DBPedia_3455","Forbes_1035","0.8537384038391794"
"DBPedia_8945","Forbes_1467","0.5326026310701427"
"DBPedia_995","Forbes_430","0.9999999999994894"
"DBPedia_251","Forbes_1784","1.0"
"DBPedia_5753","Forbes_274","0.9999999706893057"
"DBPedia_223","Forbes_454","0.9999999821610127"
"DBPedia_4891","Forbes_1225","0.9999999998546792"
"DBPedia_906","Forbes_1660","0.9999999798916215"
"DBPedia_4570","Forbes_278","0.968117282388726"
"DBPedia_4686","Forbes_352","0.9999999999999822"
"DBPedia_6391","Forbes_1273","0.999714973162732"
"DBPedia_6439","Forbes_1500","1.0"
"DBPedia_8707","Forbes_155","0.9999999966457889"
"DBPedia_7481","Forbes_1027","0.9271628626011434"
"DBPedia_1159","Forbes_422","0.7803991889432155"
"DBPedia_8545","Forbes_271","0.9999999999999859"
"DBPedia_9217","Forbes_263","0.9918940558481328"
"DBPedia_8986","Forbes_1534","0.998635724959074"
"DBPedia_5142","Forbes_217","0.9999998897236458"
"DBPedia_8460","Forbes_216","1.0"
"DBPedia_5790","Forbes_1085","0.9998862360820868"
"DBPedia_6761","Forbes_300","0.9999426333006022"
"DBPedia_3018","Forbes_1662","0.4132692100682873"
"DBPedia_8352","Forbes_493","1.0"
"DBPedia_672","Forbes_1100","0.5887253389064527"
"DBPedia_9748","Forbes_329","0.9999999999999952"
"DBPedia_2699","Forbes_1497","1.0"
"DBPedia_458","Forbes_990","0.9995221161965475"
"DBPedia_7552","Forbes_1968","0.9191724496810646"
"DBPedia_808","Forbes_1170","0.8011034592055924"
"DBPedia_10386","Forbes_1296","1.0"
"DBPedia_8532","Forbes_1389","1.0"
"DBPedia_7397","Forbes_1708","0.9811897661045472"
"DBPedia_1604","Forbes_908","0.9778141921869273"
"DBPedia_6312","Forbes_1181","0.610860773130256"
"DBPedia_7361","Forbes_675","0.8881948663327272"
"DBPedia_3927","Forbes_1135","0.9999982004164681"
"DBPedia_8953","Forbes_1235","0.9999066928028649"
"DBPedia_8867","Forbes_617","0.9916803936698193"
"DBPedia_2863","Forbes_1074","0.9999957690508158"
"DBPedia_5910","Forbes_1446","0.9954016338186354"
"DBPedia_8269","Forbes_675","0.9988835165586135"
"DBPedia_10385","Forbes_942","1.0"
"DBPedia_6391","Forbes_512","0.9586399021048294"
"DBPedia_8382","Forbes_1248","0.9999999911103856"
"DBPedia_5050","Forbes_1978","0.6153280015140785"
"DBPedia_3342","Forbes_1012","0.9949839283831184"
"DBPedia_18","Forbes_599","0.9999999999986392"
"DBPedia_10075","Forbes_1273","0.9984396295246145"
"DBPedia_5555","Forbes_99","0.9949116367792649"
"DBPedia_8953","Forbes_806","0.9450743814170094"
"DBPedia_3569","Forbes_1787","0.9941972913552795"
"DBPedia_1340","Forbes_548","0.9975893138125964"
"DBPedia_6503","Forbes_1317","0.9287949425401827"
"DBPedia_9279","Forbes_328","0.9999938998623141"
"DBPedia_470","Forbes_418","0.5578923443428587"
"DBPedia_5552","Forbes_1790","1.0"
"DBPedia_6742","Forbes_341","1.0"
"DBPedia_4218","Forbes_1865","0.9981057369797917"
"DBPedia_2694","Forbes_143","0.9999999999950657"
"DBPedia_3314","Forbes_1395","0.44435962799236733"
"DBPedia_6934","Forbes_1226","0.9999939792902807"
"DBPedia_5587","Forbes_1928","0.7181272090393299"
"DBPedia_8378","Forbes_131","0.9869281361515133"
"DBPedia_9227","Forbes_589","1.0"
"DBPedia_5579","Forbes_324","1.0"
"DBPedia_5111","Forbes_934","0.9908109288274696"
"DBPedia_5757","Forbes_1450","1.0"
"DBPedia_5912","Forbes_746","0.9999999562086196"
"DBPedia_8953","Forbes_1327","0.9419779640344709"
"DBPedia_1569","Forbes_1106","0.8955909269574346"
"DBPedia_566","Forbes_133","0.9715924278792951"
"DBPedia_9123","Forbes_1993","0.9974307137857583"
"DBPedia_2341","Forbes_431","0.9999999999993366"
"DBPedia_647","Forbes_364","1.0"
"DBPedia_3145","Forbes_1293","0.9892003684579748"
"DBPedia_10434","Forbes_1014","0.9988284272366832"
"DBPedia_5751","Forbes_29","1.0"
"DBPedia_2196","Forbes_517","0.9629102617231903"
"DBPedia_6570","Forbes_458","0.9992028340334561"
"DBPedia_8560","Forbes_585","0.6240008295321452"
"DBPedia_8953","Forbes_886","0.9999977318971579"
"DBPedia_4061","Forbes_1980","0.9483458548482221"
"DBPedia_1198","Forbes_1254","0.9999999999963571"
"DBPedia_8953","Forbes_555","0.7276163283867352"
"DBPedia_973","Forbes_1112","1.0"
"DBPedia_2276","Forbes_760","0.9999999623084092"
"DBPedia_7584","Forbes_932","0.402815580292639"
"DBPedia_1134","Forbes_581","0.9999998897236458"
"DBPedia_5370","Forbes_1857","1.0"
"DBPedia_2093","Forbes_1007","0.9999999811913771"
"DBPedia_8931","Forbes_620","0.999918062157085"
"DBPedia_6407","Forbes_736","0.9999727244866239"
"DBPedia_9825","Forbes_540","0.9999842284832985"
"DBPedia_9800","Forbes_286","0.9933211461885737"
"DBPedia_8151","Forbes_1239","0.9963463985212018"
"DBPedia_8953","Forbes_1064","0.9741403778723934"
"DBPedia_666","Forbes_619","1.0"
"DBPedia_6664","Forbes_1288","0.9999974760601021"
"DBPedia_7731","Forbes_990","0.7031681968504034"
"DBPedia_8175","Forbes_1865","0.9171768621501332"
"DBPedia_6694","Forbes_1456","0.9746622864590956"
"DBPedia_10119","Forbes_569","0.999999999994818"
"DBPedia_9273","Forbes_65","0.9451730626729454"
"DBPedia_1198","Forbes_1084","0.8488773483798114"
"DBPedia_849","Forbes_506","1.0"
"DBPedia_4572","Forbes_1869","0.9477445043121298"
"DBPedia_2779","Forbes_1800","0.9999999811913771"
"DBPedia_560","Forbes_1744","0.9999999999477398"
"DBPedia_7314","Forbes_550","0.4833360209244497"
"DBPedia_1168","Forbes_1505","0.9550179725706769"
"DBPedia_3740","Forbes_1175","0.9999999981113177"
"DBPedia_1991","Forbes_446","1.0"
"DBPedia_7216","Forbes_838","0.9999752532796238"
"DBPedia_2285","Forbes_1924","0.9998959687535501"
"DBPedia_3936","Forbes_1625","0.6770866617739139"
"DBPedia_7666","Forbes_585","0.9967893514736084"
"DBPedia_3045","Forbes_1623","1.0"
"DBPedia_6230","Forbes_734","0.9999999966444538"
"DBPedia_2668","Forbes_526","0.9999848654715144"
"DBPedia_10027","Forbes_1842","0.9999998897236458"
"DBPedia_7731","Forbes_1666","0.9999915115881568"
"DBPedia_8953","Forbes_1174","1.0"
"DBPedia_1387","Forbes_1935","0.7074259622515638"
"DBPedia_9335","Forbes_1025","0.9999222865765997"
"DBPedia_7093","Forbes_283","0.9999997528310783"
"DBPedia_1255","Forbes_1803","0.9998616113240365"
"DBPedia_3922","Forbes_1163","0.9879656425056803"
"DBPedia_7108","Forbes_1485","1.0"
"DBPedia_42","Forbes_501","0.9735208182013168"
"DBPedia_2268","Forbes_267","1.0"
"DBPedia_8088","Forbes_548","0.9999770472326525"
"DBPedia_2698","Forbes_718","0.9034238466930522"
"DBPedia_7530","Forbes_650","1.0"
"DBPedia_4387","Forbes_1457","0.7517888726204763"
"DBPedia_3329","Forbes_99","0.9999858593415807"
"DBPedia_4045","Forbes_68","0.9999999999999998"
"DBPedia_8628","Forbes_284","0.999999999982594"
"DBPedia_4621","Forbes_1938","0.9794105544414062"
"DBPedia_2270","Forbes_128","1.0"
"DBPedia_8372","Forbes_1291","0.6818612922778247"
"DBPedia_3584","Forbes_1787","0.9984309153941051"
"DBPedia_7737","Forbes_1055","0.9999999982012343"
"DBPedia_10154","Forbes_850","0.9932816121078283"
"DBPedia_979","Forbes_1574","0.9999999970179844"
"DBPedia_3936","Forbes_540","0.7367469585931362"
"DBPedia_4294","Forbes_833","0.9999997994766759"
"DBPedia_2275","Forbes_1046","1.0"
"DBPedia_3650","Forbes_776","0.6847872412094579"
"DBPedia_10100","Forbes_395","0.9959919296974395"
"DBPedia_861","Forbes_314","1.0"
"DBPedia_4207","Forbes_1855","0.9999998897236458"
"DBPedia_5115","Forbes_596","0.9987285849287769"
"DBPedia_5984","Forbes_642","1.0"
"DBPedia_2353","Forbes_1660","0.9999938998623141"
"DBPedia_7669","Forbes_1329","0.8275353295608855"
"DBPedia_2480","Forbes_70","1.0"
"DBPedia_5917","Forbes_1364","1.0"
"DBPedia_2270","Forbes_512","0.9119554950623169"
"DBPedia_1359","Forbes_1766","1.0"
"DBPedia_8931","Forbes_410","0.9393460274963848"
"DBPedia_5376","Forbes_253","1.0"
"DBPedia_3740","Forbes_1666","0.7738636578653676"
"DBPedia_6407","Forbes_920","0.9981235684261736"
"DBPedia_4184","Forbes_1356","0.9999999999999936"
"DBPedia_4868","Forbes_377","0.4620748887129522"
"DBPedia_10331","Forbes_560","0.9999755818747359"
"DBPedia_10260","Forbes_292","0.9999998786475319"
"DBPedia_5113","Forbes_1311","1.0"
"DBPedia_7224","Forbes_1910","1.0"
"DBPedia_6406","Forbes_1221","0.9999999999999989"
"DBPedia_3334","Forbes_699","1.0"
"DBPedia_4765","Forbes_817","0.5976883992590193"
"DBPedia_3314","Forbes_1273","0.9999052237159941"
"DBPedia_8633","Forbes_1110","0.9783750634078993"
"DBPedia_153","Forbes_512","0.9855521074393957"
"DBPedia_9030","Forbes_814","1.0"
"DBPedia_5556","Forbes_110","0.9987491554990418"
"DBPedia_5385","Forbes_801","0.9999999999999996"
"DBPedia_4396","Forbes_1920","0.9974726113787754"
"DBPedia_8722","Forbes_1521","0.9999908039134163"
"DBPedia_8517","Forbes_1215","0.99999075805091"
"DBPedia_1507","Forbes_1889","0.9897339941182183"
"DBPedia_4343","Forbes_168","0.6388946287948362"
"DBPedia_806","Forbes_152","0.9998915110505789"
"DBPedia_0","Forbes_706","0.5001609244803922"
"DBPedia_9189","Forbes_681","0.9999999387813072"
"DBPedia_5555","Forbes_284","0.9999990326285998"
"DBPedia_1807","Forbes_195","0.9999999999991139"
"DBPedia_242","Forbes_1935","0.9778252713312866"
"DBPedia_1355","Forbes_1622","0.9999966902152595"
"DBPedia_6758","Forbes_1916","0.594042744274824"
"DBPedia_1203","Forbes_936","0.9999991559685093"
"DBPedia_8030","Forbes_152","0.9979068751309058"
"DBPedia_8030","Forbes_1883","0.9993163688494932"
"DBPedia_9825","Forbes_1130","0.9999992837591286"
"DBPedia_5787","Forbes_535","1.0"
"DBPedia_7576","Forbes_921","0.9772886125555277"
"DBPedia_991","Forbes_865","0.9999910524376788"
"DBPedia_9286","Forbes_25","1.0"
"DBPedia_5762","Forbes_977","0.6990121658928398"
"DBPedia_660","Forbes_617","1.0"
"DBPedia_7759","Forbes_535","0.9976909393670573"
"DBPedia_3706","Forbes_1976","0.9090920316243148"
"DBPedia_10291","Forbes_671","0.9987341843001949"
"DBPedia_3329","Forbes_284","0.4191695228037903"
"DBPedia_4909","Forbes_1639","0.9999999811913771"
"DBPedia_4763","Forbes_1664","1.0"
"DBPedia_1344","Forbes_1231","0.888304575254384"
"DBPedia_2608","Forbes_1523","0.9591628010644776"
"DBPedia_3690","Forbes_1161","0.9674081101668125"
"DBPedia_8628","Forbes_99","0.9738799064446342"
"DBPedia_4630","Forbes_395","0.9921609470129723"
"DBPedia_6631","Forbes_1263","0.9999999578431151"
"DBPedia_10013","Forbes_176","0.999489740875672"
"DBPedia_8549","Forbes_58","0.9999999599143888"
"DBPedia_10100","Forbes_263","0.9999067280744699"
"DBPedia_462","Forbes_1438","0.9775808511901458"
"DBPedia_6377","Forbes_369","1.0"
"DBPedia_8868","Forbes_625","1.0"
"DBPedia_231","Forbes_1951","0.9996472376928754"
"DBPedia_1972","Forbes_1883","0.4667557000562039"
"DBPedia_8033","Forbes_915","0.999999990249058"
"DBPedia_4687","Forbes_129","0.9999081153717586"
"DBPedia_5209","Forbes_1267","1.0"
"DBPedia_2288","Forbes_1503","0.9999058534182036"
"DBPedia_4702","Forbes_1234","0.9999899485695137"
"DBPedia_1168","Forbes_1476","0.6109947980880152"
"DBPedia_353","Forbes_1401","0.9856769820479432"
"DBPedia_4403","Forbes_601","1.0"
"DBPedia_7756","Forbes_1232","0.9999986195394911"
"DBPedia_1203","Forbes_1654","0.9161943300329999"
"DBPedia_3744","Forbes_942","0.9984924948438999"
"DBPedia_5381","Forbes_1467","0.9999453396821969"
"DBPedia_5556","Forbes_111","0.9999999948958618"
"DBPedia_657","Forbes_5","0.8897740227654627"
"DBPedia_1785","Forbes_315","0.9999996835760088"
"DBPedia_6130","Forbes_307","0.9999999999999998"
"DBPedia_2701","Forbes_210","0.9996323591177203"
"DBPedia_3325","Forbes_310","0.9984486827162481"
"DBPedia_8204","Forbes_1769","0.9999999999999928"
"DBPedia_969","Forbes_281","1.0"
"DBPedia_3315","Forbes_128","0.9973757786266854"
"DBPedia_4603","Forbes_120","1.0"
"DBPedia_3569","Forbes_486","0.711116537646278"
"DBPedia_3936","Forbes_1130","0.9977480084010283"
"DBPedia_4104","Forbes_313","0.9970471161722467"
"DBPedia_9310","Forbes_505","0.6207126206381384"
"DBPedia_3740","Forbes_990","0.9999999978276979"
"DBPedia_4218","Forbes_1032","0.8588304972524422"
"DBPedia_7902","Forbes_593","0.999992627932734"
"DBPedia_6212","Forbes_503","1.0"
"DBPedia_5376","Forbes_528","0.9997948209153446"
"DBPedia_2188","Forbes_1017","0.9999998897236458"
"DBPedia_4387","Forbes_1682","0.99371697161556"
"DBPedia_9468","Forbes_405","0.9999970679986778"
"DBPedia_1507","Forbes_1341","0.9815642613311236"
"DBPedia_1595","Forbes_117","1.0"
"DBPedia_10460","Forbes_420","0.9999379569171629"
"DBPedia_2098","Forbes_256","1.0"
"DBPedia_8537","Forbes_1477","0.9354662908663582"
"DBPedia_19","Forbes_1691","0.8907542542003993"
"DBPedia_1695","Forbes_864","0.9999999999903604"
"DBPedia_8030","Forbes_197","0.6201912869989348"
"DBPedia_5570","Forbes_313","0.9999778912684988"
"DBPedia_8375","Forbes_953","0.9999999999997956"
"DBPedia_10192","Forbes_423","1.0"
"DBPedia_2288","Forbes_125","0.9363147635309916"
"DBPedia_2701","Forbes_778","0.9386707760292671"
"DBPedia_9825","Forbes_302","0.9999999999996904"
"DBPedia_2625","Forbes_605","1.0"
"DBPedia_1348","Forbes_1033","0.9999917738673305"
"DBPedia_3329","Forbes_57","0.9395144033745221"
"DBPedia_6391","Forbes_128","0.6304477843874637"
"DBPedia_5754","Forbes_1518","0.9746503454082455"
"DBPedia_10076","Forbes_795","0.43466632921436854"
"DBPedia_3936","Forbes_1032","0.9999999999999994"
"DBPedia_1946","Forbes_1557","0.9999996138230697"
"DBPedia_7746","Forbes_1051","0.6315453241952284"
"DBPedia_1579","Forbes_800","0.7870656715891271"
"DBPedia_10015","Forbes_965","0.9999999999999373"
"DBPedia_6264","Forbes_828","0.9999999994684075"
"DBPedia_808","Forbes_982","0.9281116397079623"
"DBPedia_4730","Forbes_1125","0.9999998897236458"
"DBPedia_644","Forbes_4","1.0"
"DBPedia_7759","Forbes_1232","0.9999938497139411"
"DBPedia_2996","Forbes_1464","0.997812785925193"
"DBPedia_10571","Forbes_1485","0.40368163982443106"
"DBPedia_265","Forbes_1231","0.9863258684840279"
"DBPedia_806","Forbes_597","0.9999999999999812"
"DBPedia_2679","Forbes_1343","0.672546321574731"
"DBPedia_1423","Forbes_628","0.999990097101432"
"DBPedia_7833","Forbes_1502","0.6544509794858486"
"DBPedia_9713","Forbes_1052","1.0"
"DBPedia_2877","Forbes_1074","0.6625937402610372"
"DBPedia_2290","Forbes_1928","0.8632549610901631"
"DBPedia_6733","Forbes_538","0.9999998897236458"
"DBPedia_5376","Forbes_420","0.8644013605715805"
"DBPedia_9031","Forbes_1689","1.0"
"DBPedia_1352","Forbes_1922","0.9999277822939064"
"DBPedia_3315","Forbes_458","0.5770088890133346"
"DBPedia_3139","Forbes_247","1.0"
"DBPedia_9327","Forbes_569","0.9999928567529015"
"DBPedia_2996","Forbes_1064","0.46243522865349557"
"DBPedia_4457","Forbes_927","0.610860773130256"
"DBPedia_9273","Forbes_86","0.9999990662739825"
"DBPedia_958","Forbes_41","0.9999999424972716"
"DBPedia_3614","Forbes_170","0.9941871826852273"
"DBPedia_6734","Forbes_1664","0.5180257951341408"
"DBPedia_9368","Forbes_1802","1.0"
"DBPedia_3051","Forbes_1515","1.0"
"DBPedia_264","Forbes_1706","0.9514193571407187"
"DBPedia_7953","Forbes_1691","1.0"
"DBPedia_8361","Forbes_489","0.9999999999994961"
"DBPedia_3936","Forbes_302","0.999996992283644"
"DBPedia_8633","Forbes_454","0.9695937988663226"
"DBPedia_6758","Forbes_1068","0.4761812642868495"
"DBPedia_5484","Forbes_635","0.9999686977054446"
"DBPedia_6583","Forbes_1456","0.9921279074533597"
"DBPedia_3915","Forbes_157","0.9999999999999967"
"DBPedia_1344","Forbes_948","0.8627285493487699"
"DBPedia_7556","Forbes_657","1.0"
"DBPedia_9370","Forbes_736","0.9999999920027358"
"DBPedia_250","Forbes_1951","0.9999488534169997"
"DBPedia_10626","Forbes_1510","0.9999999999999999"
"DBPedia_5748","Forbes_1782","1.0"
"DBPedia_9583","Forbes_908","0.9999993171478233"
"DBPedia_5984","Forbes_1117","0.9982905411515647"
"DBPedia_8630","Forbes_1003","0.7843241772381218"
"DBPedia_8932","Forbes_1954","0.9925564692586255"
"DBPedia_4763","Forbes_1106","0.9998340792859531"
"DBPedia_4636","Forbes_650","0.9994856944637955"
"DBPedia_6487","Forbes_795","0.9905950852402189"
"DBPedia_10038","Forbes_1735","0.9999999998371497"
"DBPedia_9825","Forbes_1032","0.9532662072370311"
"DBPedia_8719","Forbes_133","0.6657576872158745"
"DBPedia_385","Forbes_922","0.9999938962465778"
"DBPedia_458","Forbes_1175","1.0"
"DBPedia_1157","Forbes_1046","0.9999701985671477"
"DBPedia_1353","Forbes_267","0.9948083678741193"
"DBPedia_4395","Forbes_1332","0.9999984486273743"
"DBPedia_8079","Forbes_1549","0.5709416119453372"
"DBPedia_6391","Forbes_1395","0.7859764862317197"
"DBPedia_7558","Forbes_709","1.0"
"DBPedia_8986","Forbes_1410","0.9993433289454403"
"DBPedia_6408","Forbes_813","1.0"
"DBPedia_2894","Forbes_1628","0.6553847349423914"
"DBPedia_3706","Forbes_778","1.0"
"DBPedia_2735","Forbes_1701","1.0"
"DBPedia_7730","Forbes_524","0.9997894127440524"
"DBPedia_8716","Forbes_1602","0.9995845227064548"
"DBPedia_5584","Forbes_88","1.0"
"DBPedia_2281","Forbes_100","1.0"
"DBPedia_10513","Forbes_1064","0.9692406298426954"
"DBPedia_6746","Forbes_843","1.0"
"DBPedia_806","Forbes_308","0.9736220738048477"
"DBPedia_9217","Forbes_395","0.6834206429563596"
"DBPedia_464","Forbes_8","0.9999938118024632"
"DBPedia_1195","Forbes_458","0.4382982318238554"
"DBPedia_3978","Forbes_301","0.9944440083460437"
"DBPedia_8931","Forbes_1176","0.9998699731857313"
"DBPedia_3510","Forbes_1561","0.5760270045669966"
"DBPedia_10158","Forbes_765","0.9999999317748125"
"DBPedia_1274","Forbes_1407","0.5939726492327178"
"DBPedia_896","Forbes_1170","0.9999999999910866"
"DBPedia_8216","Forbes_1625","0.9999082829514512"
"DBPedia_4927","Forbes_1866","0.97378601447928"
"DBPedia_6933","Forbes_1980","0.9999999994142755"
"DBPedia_7176","Forbes_287","0.9875355102153128"
"DBPedia_8030","Forbes_308","0.7720766663795962"
"DBPedia_8717","Forbes_790","1.0"
"DBPedia_9138","Forbes_907","0.9999999999999999"
"DBPedia_10513","Forbes_1464","0.9999916012489183"
"DBPedia_6773","Forbes_1900","1.0"
"DBPedia_3520","Forbes_1021","1.0"
"DBPedia_3345","Forbes_1552","0.8528042176081598"
"DBPedia_8421","Forbes_1166","0.9999999999961106"
"DBPedia_1355","Forbes_1872","1.0"
"DBPedia_5623","Forbes_955","0.9999999997942558"
"DBPedia_568","Forbes_155","0.9999530694688815"
"DBPedia_357","Forbes_694","0.45175767501132263"
"DBPedia_2981","Forbes_1313","0.9999999999999998"
"DBPedia_5937","Forbes_1219","0.9988191366741412"
"DBPedia_9323","Forbes_585","0.8877947999958002"
"DBPedia_1992","Forbes_368","0.4035104539082657"
"DBPedia_7103","Forbes_1669","0.9999999999940805"
"DBPedia_3331","Forbes_1027","0.9975827766936863"
"DBPedia_1209","Forbes_458","0.9999999999486343"
"DBPedia_9277","Forbes_299","0.9997638210435541"
"DBPedia_8747","Forbes_80","1.0"
"DBPedia_3556","Forbes_932","0.9999998897236458"
"DBPedia_9217","Forbes_948","0.4066710627194341"
"DBPedia_4111","Forbes_596","0.4980351572514645"
"DBPedia_6409","Forbes_569","0.4511227396482883"
"DBPedia_8744","Forbes_1169","0.4026444409396128"
"DBPedia_6407","Forbes_585","0.9859235257463719"
"DBPedia_3510","Forbes_1488","1.0"
"DBPedia_223","Forbes_74","0.5599189245573197"
"DBPedia_9391","Forbes_1101","0.9999999476041425"
"DBPedia_10660","Forbes_241","0.9842232943893874"
"DBPedia_5114","Forbes_1160","0.9999999926525891"
"DBPedia_6757","Forbes_1725","0.9997742811547841"
"DBPedia_9583","Forbes_1043","1.0"
"DBPedia_6796","Forbes_1732","0.999999993321057"
"DBPedia_3315","Forbes_1035","0.6557758289171762"
"DBPedia_2412","Forbes_1966","0.9612238489175653"
"DBPedia_1344","Forbes_395","0.5744441264559783"
"DBPedia_4415","Forbes_458","0.5295654664414404"
"DBPedia_9869","Forbes_1449","0.9999995544906674"
"DBPedia_8465","Forbes_681","0.74897461056516"
"DBPedia_3032","Forbes_257","0.9999999999555992"
"DBPedia_9498","Forbes_411","1.0"
"DBPedia_1209","Forbes_876","0.41900532899882925"
"DBPedia_9288","Forbes_1191","0.9987654961021136"
"DBPedia_1569","Forbes_1343","0.9885806859509297"
"DBPedia_3942","Forbes_126","0.4739848105967286"
"DBPedia_5745","Forbes_1175","0.6431257486515484"
"DBPedia_1399","Forbes_1928","1.0"
"DBPedia_643","Forbes_1628","0.9117723071081273"
"DBPedia_9263","Forbes_1090","1.0"
"DBPedia_9009","Forbes_1274","1.0"
"DBPedia_9035","Forbes_17","0.9999996594493715"
"DBPedia_5570","Forbes_267","0.42166077527571083"
"DBPedia_10434","Forbes_1179","1.0"
"DBPedia_7666","Forbes_736","0.9999999999999989"
"DBPedia_2055","Forbes_360","0.9999999999999961"
"DBPedia_4120","Forbes_1968","0.9667108760420956"
"DBPedia_3853","Forbes_295","0.9999997709271747"
"DBPedia_433","Forbes_528","0.9927386083132795"
"DBPedia_2473","Forbes_1344","0.9999999990218215"
"DBPedia_3717","Forbes_1230","0.9677034373618852"
"DBPedia_2659","Forbes_1241","0.9999997547588299"
"DBPedia_8936","Forbes_553","0.9810071539180072"
"DBPedia_9188","Forbes_1970","0.9999999992353357"
"DBPedia_7481","Forbes_86","0.9969679024331038"
"DBPedia_4205","Forbes_1130","0.7866284163880556"
"DBPedia_1579","Forbes_1169","0.46143458621234656"
"DBPedia_5984","Forbes_383","0.8750570576668709"
"DBPedia_4645","Forbes_1790","0.9999748656773826"
"DBPedia_1515","Forbes_1814","0.7305017096792923"
"DBPedia_235","Forbes_1344","0.9966534085112871"
"DBPedia_2276","Forbes_99","0.9999991430676578"
"DBPedia_3727","Forbes_560","0.999999999999996"
"DBPedia_3740","Forbes_269","0.9759359329211179"
"DBPedia_5840","Forbes_679","0.9527812823186294"
"DBPedia_10537","Forbes_621","0.999999892875531"
"DBPedia_10385","Forbes_778","0.9999999734873845"
"DBPedia_5299","Forbes_1257","0.80690641341403"
"DBPedia_5397","Forbes_1682","0.8854735937760195"
"DBPedia_1655","Forbes_1781","0.4939920629905835"
"DBPedia_3344","Forbes_1121","1.0"
"DBPedia_5856","Forbes_1262","0.798242654951011"
"DBPedia_5910","Forbes_1571","0.9999999920766707"
"DBPedia_2851","Forbes_844","1.0"
"DBPedia_6933","Forbes_894","0.5695484105082051"
"DBPedia_5114","Forbes_567","1.0"
"DBPedia_3335","Forbes_1909","0.561303980352325"
"DBPedia_10224","Forbes_994","1.0"
"DBPedia_4572","Forbes_922","1.0"
"DBPedia_7721","Forbes_9","1.0"
"DBPedia_4393","Forbes_176","0.9999999978604611"
"DBPedia_6751","Forbes_1184","1.0"
"DBPedia_3922","Forbes_1176","0.9993344935222259"
"DBPedia_4934","Forbes_1883","0.9993903992228949"
"DBPedia_5587","Forbes_848","0.7688546646739473"
"DBPedia_153","Forbes_1467","0.99990352133902"
"DBPedia_642","Forbes_15","0.9999999999999998"
"DBPedia_7391","Forbes_967","1.0"
"DBPedia_10068","Forbes_1535","0.9999999999999769"
"DBPedia_6575","Forbes_714","0.997112957671971"
"DBPedia_7395","Forbes_1476","0.6626595649074027"
"DBPedia_1352","Forbes_1375","0.9999999999999718"
"DBPedia_3554","Forbes_494","0.9999998901501994"
"DBPedia_7216","Forbes_1033","0.9839761541259184"
"DBPedia_2288","Forbes_1023","0.9999999907978969"
"DBPedia_3744","Forbes_1521","0.9847594287238589"
"DBPedia_5236","Forbes_838","0.8657651764546429"
"DBPedia_2196","Forbes_672","0.9999994214873128"
"DBPedia_6570","Forbes_569","1.0"
"DBPedia_8380","Forbes_588","0.9511211944983251"
"DBPedia_6133","Forbes_1266","0.9999999343699838"
"DBPedia_4129","Forbes_1815","0.9999867812685825"
"DBPedia_6940","Forbes_1048","0.7414540228178372"
"DBPedia_3922","Forbes_410","0.4228395517191534"
"DBPedia_4572","Forbes_1428","0.9854628091364439"
"DBPedia_6185","Forbes_1134","0.9871233366188272"
"DBPedia_5910","Forbes_720","0.9999328617920679"
"DBPedia_6253","Forbes_1816","0.9658293954615506"
"DBPedia_4414","Forbes_1476","0.7464458280825915"
"DBPedia_7382","Forbes_1172","1.0"
"DBPedia_9002","Forbes_1711","1.0"
"DBPedia_8719","Forbes_976","0.897675906413646"
"DBPedia_9681","Forbes_453","0.49034190172897557"
"DBPedia_5925","Forbes_622","0.9999999999999999"
"DBPedia_10119","Forbes_458","0.999764257326156"
"DBPedia_10274","Forbes_1666","0.9695027000824888"
"DBPedia_4031","Forbes_740","0.9999999811913771"
"DBPedia_8351","Forbes_960","0.9999977500623817"
"DBPedia_17","Forbes_509","1.0"
"DBPedia_1599","Forbes_102","1.0"
"DBPedia_9618","Forbes_963","0.9999999999999998"
"DBPedia_4108","Forbes_1805","0.9999998897236458"
"DBPedia_4939","Forbes_1795","1.0"
"DBPedia_9315","Forbes_635","0.9999686977054446"
"DBPedia_6175","Forbes_553","0.9999999999942318"
"DBPedia_1708","Forbes_1162","0.9999892495480323"
"DBPedia_4630","Forbes_948","0.9954090968613468"
"DBPedia_2874","Forbes_31","0.9999999944534772"
"DBPedia_2801","Forbes_1668","0.9999687276214637"
"DBPedia_1587","Forbes_1942","0.8996015717128396"
"DBPedia_850","Forbes_287","0.6457988878930879"
"DBPedia_9937","Forbes_533","0.9999999811913771"
"DBPedia_8986","Forbes_754","1.0"
"DBPedia_3734","Forbes_535","0.9866356382721501"
"DBPedia_6403","Forbes_1682","0.49237303141394473"
"DBPedia_3736","Forbes_391","1.0"
"DBPedia_3030","Forbes_1239","0.9772538888180726"
"DBPedia_7384","Forbes_855","0.9999999999999999"
"DBPedia_1655","Forbes_1422","0.9999434110282164"
"DBPedia_9869","Forbes_945","0.9999994017871188"
"DBPedia_4507","Forbes_524","0.9240216964197625"
"DBPedia_5214","Forbes_1640","1.0"
"DBPedia_4618","Forbes_27","0.9974864840251838"
"DBPedia_248","Forbes_303","0.913413156927416"
"DBPedia_8954","Forbes_1839","0.999198151701367"
"DBPedia_3690","Forbes_1685","0.9999733000975808"
"DBPedia_1604","Forbes_1942","0.9999996689444952"
"DBPedia_6391","Forbes_1035","1.0"
"DBPedia_4104","Forbes_267","0.9405231092914416"
"DBPedia_2881","Forbes_1743","0.9871842411245519"
"DBPedia_1562","Forbes_42","1.0"
"DBPedia_3547","Forbes_750","1.0"
"DBPedia_6574","Forbes_1868","0.4091532751947869"
"DBPedia_6761","Forbes_210","1.0"
"DBPedia_10331","Forbes_1435","0.9999999995239607"
"DBPedia_10100","Forbes_169","0.9999999960698146"
"DBPedia_10101","Forbes_1968","0.9999655100025147"
"DBPedia_7752","Forbes_67","1.0"
"DBPedia_4429","Forbes_1748","0.9999999999999418"
"DBPedia_5206","Forbes_294","0.9999999999972311"
"DBPedia_9353","Forbes_99","0.9657335693229251"
"DBPedia_2285","Forbes_998","0.9727223543390112"
"DBPedia_5984","Forbes_1824","0.8807165427451883"
"DBPedia_2048","Forbes_793","0.9999998897236458"
"DBPedia_8050","Forbes_984","0.9999999999999999"
"DBPedia_969","Forbes_304","0.9902567541420549"
"DBPedia_956","Forbes_1294","0.9999769129386361"
"DBPedia_6407","Forbes_570","0.9842831165118802"
"DBPedia_3146","Forbes_1376","0.9291040825701739"
"DBPedia_3704","Forbes_438","0.9999999999999994"
"DBPedia_7902","Forbes_343","0.9999998897236458"
"DBPedia_10100","Forbes_697","0.9975247194901105"
"DBPedia_8464","Forbes_1407","0.9892368401721389"
"DBPedia_5561","Forbes_1451","1.0"
"DBPedia_9122","Forbes_757","1.0"
"DBPedia_8722","Forbes_942","0.9308722411559911"
"DBPedia_3455","Forbes_512","0.5682259022607153"
"DBPedia_5250","Forbes_1507","0.9999998897236458"
"DBPedia_3424","Forbes_216","0.9999964536167233"
"DBPedia_5727","Forbes_1716","0.8484699453182835"
"DBPedia_1340","Forbes_612","0.9999965559383304"
"DBPedia_3455","Forbes_128","0.9999996449019979"
"DBPedia_3769","Forbes_1860","0.8117752074331577"
"DBPedia_2679","Forbes_1106","0.9997080227069566"
"DBPedia_2704","Forbes_1296","0.9989209038944294"
"DBPedia_10475","Forbes_304","0.9999986459372764"
"DBPedia_6832","Forbes_990","0.9999866484144599"
"DBPedia_2196","Forbes_1376","0.6558715151123361"
"DBPedia_10100","Forbes_948","0.9777985122923096"
"DBPedia_7591","Forbes_791","1.0"
"DBPedia_7396","Forbes_936","0.5644547726609003"
"DBPedia_7112","Forbes_992","0.9999999999997277"
"DBPedia_3650","Forbes_1479","0.9577631800420379"
"DBPedia_7677","Forbes_898","0.9999998910069541"
"DBPedia_662","Forbes_1206","0.8220237867559349"
"DBPedia_9400","Forbes_1288","0.4844101430787822"
"DBPedia_1351","Forbes_204","0.9999998916724815"
"DBPedia_4415","Forbes_512","0.577915079629771"
"DBPedia_6391","Forbes_1467","0.9960249454405967"
"DBPedia_4888","Forbes_159","0.9999970146215046"
"DBPedia_4780","Forbes_413","0.9999986932482534"
"DBPedia_7361","Forbes_320","1.0"
"DBPedia_8372","Forbes_349","0.9994510916139611"
"DBPedia_6683","Forbes_1016","0.9999960708592255"
"DBPedia_2119","Forbes_345","0.9999998897236458"
"DBPedia_9327","Forbes_1395","0.9999999550446755"
"DBPedia_459","Forbes_1775","0.9999999999999999"
"DBPedia_7499","Forbes_1027","0.9999998917314266"
"DBPedia_9113","Forbes_447","0.5641974142289011"
"DBPedia_1345","Forbes_648","1.0"
"DBPedia_5937","Forbes_597","0.9982858620303745"
"DBPedia_10685","Forbes_320","0.9999998152943851"
"DBPedia_9357","Forbes_1817","0.9661499071156141"
"DBPedia_2276","Forbes_57","0.9999644132818342"
"DBPedia_9310","Forbes_635","0.4803689977871058"
"DBPedia_2690","Forbes_1916","0.9247347915255384"
"DBPedia_5115","Forbes_1485","0.9854813813820571"
"DBPedia_5602","Forbes_104","0.5911610793092161"
"DBPedia_5939","Forbes_462","1.0"
"DBPedia_3734","Forbes_1230","0.9999998292680858"
"DBPedia_2580","Forbes_1912","0.6303706040318818"
"DBPedia_10633","Forbes_505","0.9999856365434591"
"DBPedia_4393","Forbes_66","0.9965200777569156"
"DBPedia_2707","Forbes_522","1.0"
"DBPedia_6585","Forbes_1556","1.0"
"DBPedia_3704","Forbes_1422","0.9999996901624173"
"DBPedia_3922","Forbes_620","0.9606864591277743"
"DBPedia_10380","Forbes_1419","1.0"
"DBPedia_2369","Forbes_976","0.9999508198877024"
"DBPedia_4580","Forbes_1344","0.8900921507615533"
"DBPedia_3037","Forbes_975","0.6052809101711099"
"DBPedia_7364","Forbes_85","1.0"
"DBPedia_5110","Forbes_839","1.0"
"DBPedia_4009","Forbes_435","0.9999999998421543"
"DBPedia_4572","Forbes_1540","0.9657431818584159"
"DBPedia_4061","Forbes_894","0.540235651857384"
"DBPedia_5779","Forbes_908","0.7199669825208268"
"DBPedia_8327","Forbes_189","0.9999999999662235"
"DBPedia_3037","Forbes_808","0.8560741698209947"
"DBPedia_24","Forbes_422","0.9348879953983388"
"DBPedia_1361","Forbes_84","1.0"
"DBPedia_5790","Forbes_1800","0.9999999675529344"
"DBPedia_8193","Forbes_1086","0.9999999999441294"
"DBPedia_4630","Forbes_697","0.8966342507637969"
"DBPedia_7361","Forbes_646","0.9828195904588246"
"DBPedia_8715","Forbes_90","1.0"
"DBPedia_4765","Forbes_976","0.8547878595795266"
"DBPedia_458","Forbes_269","0.9891453295985972"
"DBPedia_2676","Forbes_33","0.9999999402419432"
"DBPedia_7755","Forbes_228","1.0"
"DBPedia_4516","Forbes_1407","0.9989689331837758"
"DBPedia_8986","Forbes_723","0.9999332298206309"
"DBPedia_2465","Forbes_605","0.9997883100139315"
"DBPedia_4606","Forbes_1298","0.9999999892908061"
"DBPedia_4205","Forbes_1865","0.43552720494796354"
"DBPedia_9370","Forbes_585","0.7037681208771879"
"DBPedia_4770","Forbes_1309","1.0"
"DBPedia_5479","Forbes_794","0.9999999763544763"
"DBPedia_1709","Forbes_976","0.9994733060095361"
"DBPedia_2704","Forbes_870","0.5481365298579133"
"DBPedia_1918","Forbes_1219","0.4459023785219621"
"DBPedia_4630","Forbes_169","0.9993673030429017"
"DBPedia_10108","Forbes_1685","0.9999908370043278"
"DBPedia_8931","Forbes_1163","0.9998811149605827"
"DBPedia_8340","Forbes_1204","1.0"
"DBPedia_9215","Forbes_1596","0.8960013698187358"
"DBPedia_3144","Forbes_1610","0.9999999842045931"
"DBPedia_5376","Forbes_1051","0.9999140039608381"
"DBPedia_3037","Forbes_1332","0.9995525881053712"
"DBPedia_9617","Forbes_602","1.0"
"DBPedia_10294","Forbes_685","0.9999866484144599"
"DBPedia_8757","Forbes_502","0.9999970146215046"
"DBPedia_9621","Forbes_885","0.9999999999969129"
"DBPedia_8890","Forbes_1210","0.9999999999999607"
"DBPedia_8088","Forbes_612","1.0"
"DBPedia_8484","Forbes_1505","0.9702253905966781"
"DBPedia_9353","Forbes_284","0.9203900678553945"
"DBPedia_5010","Forbes_1116","0.9999999995620956"
"DBPedia_3744","Forbes_778","0.8212788461162407"
"DBPedia_3510","Forbes_1048","0.9810798227638063"
"DBPedia_10685","Forbes_646","0.4788869108336477"
"DBPedia_8406","Forbes_1681","0.9999999999934334"
"DBPedia_4763","Forbes_1343","0.9999888242887937"
"DBPedia_2322","Forbes_1550","0.9993141801093341"
"DBPedia_6856","Forbes_655","0.9999999999998523"
"DBPedia_5558","Forbes_1872","0.49983962139629484"
"DBPedia_2477","Forbes_423","0.9993724695319555"
"DBPedia_653","Forbes_1353","0.9658037122960744"
"DBPedia_6140","Forbes_879","0.6434152410998131"
"DBPedia_9368","Forbes_1790","0.9963327940746319"
"DBPedia_6923","Forbes_248","1.0"
"DBPedia_9189","Forbes_1654","0.9999999882838663"
"DBPedia_8460","Forbes_492","0.9956395319141016"
"DBPedia_955","Forbes_51","1.0"
"DBPedia_1597","Forbes_220","0.9999950000150936"
"DBPedia_6927","Forbes_1082","0.9996478018771436"
"DBPedia_1344","Forbes_263","0.7997400366838961"
"DBPedia_6734","Forbes_1343","0.9987152261257947"
"DBPedia_4396","Forbes_492","0.9893431907135108"
"DBPedia_467","Forbes_516","1.0"
"DBPedia_3349","Forbes_534","1.0"
"DBPedia_4746","Forbes_1465","1.0"
"DBPedia_7395","Forbes_1966","0.8876500054644823"
"DBPedia_1357","Forbes_36","0.9999999575650843"
"DBPedia_42","Forbes_481","0.9999997954740218"
"DBPedia_742","Forbes_861","0.9999938998623141"
"DBPedia_9808","Forbes_98","0.9999952706169981"
"DBPedia_9861","Forbes_611","0.9999999999992457"
"DBPedia_8560","Forbes_920","0.6056743089769904"
"DBPedia_3303","Forbes_43","1.0"
"DBPedia_1369","Forbes_1951","0.9560489303753765"
"DBPedia_9830","Forbes_1244","0.9999999299189573"
"DBPedia_3822","Forbes_1122","0.9816993484255407"
"DBPedia_8633","Forbes_74","0.7191929627438112"
"DBPedia_1507","Forbes_1291","0.9992849112773532"
"DBPedia_3273","Forbes_990","0.999198151701367"
"DBPedia_226","Forbes_111","1.0"
"DBPedia_10437","Forbes_1415","0.9999998897236458"
"DBPedia_5937","Forbes_1883","0.9999867319877074"
"DBPedia_7311","Forbes_1728","0.9999322576257094"
"DBPedia_9342","Forbes_1434","0.7513054519263775"
"DBPedia_10385","Forbes_1521","0.9999999995048516"
"DBPedia_4747","Forbes_420","0.9999999588657444"
"DBPedia_1682","Forbes_316","0.9999999999796979"
"DBPedia_2899","Forbes_1865","0.9996355075975554"
"DBPedia_8953","Forbes_1360","0.7486540871636125"
"DBPedia_2270","Forbes_1035","0.9986194548823171"
"DBPedia_10119","Forbes_512","0.7318198593209935"
"DBPedia_6614","Forbes_1008","0.9996351870574222"
"DBPedia_3513","Forbes_111","0.9689071058371272"
"DBPedia_7372","Forbes_1755","1.0"
"DBPedia_3513","Forbes_110","0.9431963977316283"
"DBPedia_1151","Forbes_875","0.9997206314760799"
"DBPedia_4205","Forbes_540","0.9690710727596209"
"DBPedia_1348","Forbes_838","0.9862597618592137"
"DBPedia_5587","Forbes_901","0.9999999999999973"
"DBPedia_6564","Forbes_1102","0.9999999996445439"
"DBPedia_8633","Forbes_628","0.9108540691483803"
"DBPedia_10025","Forbes_1920","0.7849450954839221"
"DBPedia_9217","Forbes_169","0.9897007946385669"
"DBPedia_4123","Forbes_1228","0.9999999999998731"
"DBPedia_5375","Forbes_1133","0.9998242959543883"
"DBPedia_10024","Forbes_1027","0.6455555022211296"
"DBPedia_1195","Forbes_569","0.7118431422028276"
"DBPedia_1837","Forbes_1547","0.5590061399601953"
"DBPedia_4761","Forbes_323","0.9999919645044681"
"DBPedia_5397","Forbes_1457","0.8232781155208274"
"DBPedia_8862","Forbes_1670","0.9562371101452863"
"DBPedia_6940","Forbes_1488","0.8980586047458315"
"DBPedia_4934","Forbes_1219","0.7325509771451387"
"DBPedia_2701","Forbes_300","0.9999999999999998"
"DBPedia_226","Forbes_110","0.9653620706262852"
"DBPedia_566","Forbes_976","0.9363267331536222"
"DBPedia_7497","Forbes_1528","1.0"
"DBPedia_9370","Forbes_1166","0.9999965921803569"
"DBPedia_6096","Forbes_1219","0.9999910524376788"
"DBPedia_6924","Forbes_1104","0.9999999992952951"
"DBPedia_38","Forbes_1966","0.5795544191386897"
"DBPedia_6386","Forbes_680","1.0"
"DBPedia_2661","Forbes_20","0.9941670702831249"
"DBPedia_2888","Forbes_815","0.9999999999999937"
"DBPedia_238","Forbes_1110","1.0"
"DBPedia_3704","Forbes_377","0.9533089062263767"
"DBPedia_5051","Forbes_1944","0.9919658089047586"
"DBPedia_5395","Forbes_1992","0.9999991516870236"
"DBPedia_7666","Forbes_920","0.9998379590796387"
"DBPedia_2985","Forbes_406","0.41472795869032103"
"DBPedia_5624","Forbes_1432","0.999999766746659"
"DBPedia_1149","Forbes_478","1.0"
"DBPedia_6465","Forbes_688","0.9999989645371052"
"DBPedia_468","Forbes_1029","0.9999999095323956"
"DBPedia_5745","Forbes_1666","0.9828044899409861"
"DBPedia_10653","Forbes_627","0.9999443977001695"
"DBPedia_9189","Forbes_936","0.9999999998772758"
"DBPedia_3037","Forbes_1787","1.0"
"DBPedia_1725","Forbes_1502","0.9999966381905959"
"DBPedia_8688","Forbes_785","0.9999999999999997"
"DBPedia_2853","Forbes_301","0.9999999999997914"
"DBPedia_6224","Forbes_147","0.6258483587986765"
"DBPedia_3690","Forbes_303","0.9857715423259521"
"DBPedia_1581","Forbes_1302","0.49301702850296625"
"DBPedia_1587","Forbes_1043","0.9997509437450469"
"DBPedia_3706","Forbes_942","0.999998439295474"
"DBPedia_8331","Forbes_1892","0.9999999999999997"
"DBPedia_672","Forbes_492","1.0"
"DBPedia_6954","Forbes_462","0.9560489303753765"
"DBPedia_9692","Forbes_845","0.43801243192764544"
